"date","source","leads_generated"
"2024-09-25",Test Drive,52
"2024-09-16",Chatbot,5
"2024-08-16",Chatbot,6
"2024-12-31",Test Drive,42
"2024-02-01",Chatbot,3
"2024-12-26",Toyota Offer,5
"2024-08-12",Test Drive,196
"2024-06-26",Toyota Offer,111
"2024-04-19",Online Sales,341
"2024-12-09",Twitter,3
"2024-05-25",Website,111
"2024-08-15",Motory Campaign,15
"2024-03-16",Toll Free,98
"2024-03-17",Twitter,11
"2024-02-27",Toll Free,221
"2024-11-04",Online Sales,308
"2024-03-20",Toyota Offer,76
"2024-12-25",Social Media - Campaign,117
"2024-04-16",Events,2
"2024-09-18",Toll Free,115
"2024-01-07",Mobile Applications-TSS,2
"2024-03-23",Facebook,1
"2024-05-29",Test Drive,53
"2024-10-31",Motory Campaign,182
"2024-11-26",Chatbot,1
"2024-06-20",Toyota Offer,38
"2024-03-27",Twitter,9
"2024-04-28",Chatbot,2
"2024-03-17",Instagram,5
"2024-11-05",Mobile Applications-TSS,1
"2024-07-23",Website,125
"2024-04-20",Twitter,4
"2024-01-21",Instagram,1
"2024-07-14",Toyota Offer,7
"2024-07-27",Online Sales,352
"2024-11-12",Website,98
"2024-09-19",Motory,50
"2024-08-28",Online Sales,856
"2024-03-10",Facebook,1
"2024-04-26",Toll Free,44
"2024-03-22",Website,120
"2024-08-04",Motory,95
"2024-09-21",Social Media - Campaign,14
"2024-10-31",Website,91
"2024-08-08",Online Sales,323
"2024-10-17",Motory,38
"2024-07-20",Instagram,1
"2024-08-26",Toll Free,299
"2024-02-27",Twitter,5
"2024-12-29",Toll Free,61
"2024-07-20",Facebook,1
"2024-07-07",Test Drive,53
"2024-06-21",Test Drive,47
"2024-08-10",Toyota Offer,125
"2024-01-21",Twitter,3
"2024-05-30",Facebook,1
"2024-09-28",Social Media - Campaign,18
"2024-08-20",Mobile Applications-TSS,2
"2024-02-25",Online Sales,392
"2024-12-30",Test Drive,80
"2024-07-22",Toll Free,181
"2024-03-21",Online Sales,463
"2024-12-21",Test Drive,30
"2024-08-29",Chatbot,4
"2024-07-24",Toll Free,180
"2024-05-21",Facebook,1
"2024-05-19",Social Media - Campaign,60
"2024-06-03",Motory,58
"2024-12-29",Website,166
"2024-01-02",Online Sales,392
"2024-12-21",Twitter,4
"2024-10-22",Website,127
"2024-01-14",Online Sales,367
"2024-09-28",Online Sales,435
"2024-01-16",Website,91
"2024-01-09",Motory,88
"2024-02-08",Motory,91
"2024-11-28",Online Sales,255
"2024-06-20",Motory,44
"2024-09-10",Test Drive,66
"2024-09-13",Test Drive,66
"2024-07-10",Test Drive,28
"2024-10-22",Chatbot,1
"2024-10-07",Chatbot,2
"2024-07-03",Motory,74
"2024-02-29",Toll Free,143
"2024-04-13",Chatbot,2
"2024-03-09",Facebook,1
"2024-01-17",Toyota Offer,41
"2024-01-07",Toyota Offer,13
"2024-06-07",Chatbot,2
"2024-03-15",Toll Free,34
"2024-12-25",Twitter,4
"2024-03-07",Website,105
"2024-09-14",Social Media - Campaign,89
"2024-02-01",Toll Free,128
"2024-11-27",Twitter,9
"2024-07-14",Motory,89
"2024-11-22",Website,68
"2024-07-15",Social Media - Campaign,106
"2024-06-02",Mobile Applications-TSS,1
"2024-09-29",Website,161
"2024-04-26",Motory,60
"2024-07-06",Twitter,5
"2024-01-04",Online Sales,385
"2024-08-11",Toll Free,273
"2024-01-15",Twitter,4
"2024-01-10",Toll Free,124
"2024-07-04",Website,108
"2024-06-02",Test Drive,38
"2024-07-16",Social Media - Campaign,97
"2024-03-14",Website,125
"2024-07-16",Test Drive,37
"2024-01-24",Motory,68
"2024-07-03",Chatbot,6
"2024-04-13",Mobile Applications-TSS,1
"2024-02-13",Toyota Offer,31
"2024-02-07",Online Sales,385
"2024-12-18",Chatbot,5
"2024-08-08",Motory Campaign,24
"2024-09-03",Social Media - Campaign,129
"2024-12-30",Social Media - Campaign,140
"2024-01-24",Online Sales,363
"2024-12-15",Motory Campaign,346
"2024-08-13",Motory,62
"2024-02-22",Instagram,1
"2024-02-28",Online Sales,385
"2024-12-29",Motory,35
"2024-05-19",Instagram,2
"2024-04-20",Social Media - Campaign,102
"2024-07-04",Social Media - Campaign,103
"2024-11-08",Toyota Offer,306
"2024-04-02",Online Sales,353
"2024-10-31",Test Drive,36
"2024-12-02",Motory,30
"2024-04-04",Toll Free,105
"2024-01-27",Motory,68
"2024-11-06",Motory,42
"2024-09-01",Yalla Motor,12
"2024-05-23",Motory,71
"2024-05-14",Events,1
"2024-10-31",Toll Free,53
"2024-09-04",Social Media - Campaign,176
"2024-10-01",Motory Campaign,2
"2024-04-17",Chatbot,2
"2024-11-27",Website,105
"2024-10-07",Motory,60
"2024-11-14",Toll Free,52
"2024-09-17",Website,147
"2024-01-25",Online Sales,338
"2024-01-08",Twitter,4
"2024-11-26",Motory Campaign,168
"2024-01-07",Toll Free,157
"2024-11-24",Chatbot,4
"2024-10-19",Instagram,3
"2024-09-05",Social Media - Campaign,42
"2024-05-13",Website,111
"2024-02-29",Toyota Offer,225
"2024-12-28",Test Drive,51
"2024-08-25",Instagram,2
"2024-05-26",Toll Free,189
"2024-06-01",Toyota Offer,13
"2024-01-23",Instagram,2
"2024-10-19",Toyota Offer,101
"2024-05-11",Toyota Offer,43
"2024-11-29",Toll Free,4
"2024-06-13",Test Drive,26
"2024-03-01",Online Sales,222
"2024-01-15",Toyota Offer,50
"2024-12-25",Website,127
"2024-10-02",Twitter,11
"2024-09-09",Chatbot,5
"2024-06-10",Website,70
"2024-04-15",Social Media - Campaign,64
"2024-10-07",Facebook,1
"2024-10-21",Toyota Offer,144
"2024-07-12",Motory,59
"2024-12-19",Social Media - Campaign,99
"2024-12-29",Twitter,4
"2024-12-23",Twitter,2
"2024-03-24",Toll Free,134
"2024-03-03",Instagram,1
"2024-09-12",Test Drive,72
"2024-09-01",Online Sales,478
"2024-05-30",Website,94
"2024-11-01",Test Drive,26
"2024-04-10",Social Media - Campaign,45
"2024-06-14",Test Drive,26
"2024-07-21",Toyota Offer,6
"2024-10-21",Social Media - Campaign,130
"2024-02-29",Motory,94
"2024-03-04",Twitter,5
"2024-07-30",Social Media - Campaign,70
"2024-05-23",Chatbot,5
"2024-08-28",Yalla Motor,81
"2024-08-07",Chatbot,2
"2024-02-25",Chatbot,2
"2024-12-18",Website,118
"2024-07-06",Chatbot,2
"2024-11-07",Twitter,8
"2024-10-15",Twitter,8
"2024-11-10",Toyota Offer,293
"2024-10-02",Website,77
"2024-09-08",Motory,68
"2024-05-31",Online Sales,329
"2024-09-11",Social Media - Campaign,70
"2024-12-11",Website,114
"2024-07-01",Twitter,35
"2024-12-05",Online Sales,194
"2024-06-20",Twitter,21
"2024-06-05",Mobile Applications-TSS,1
"2024-06-04",Toll Free,182
"2024-10-10",Website,112
"2024-01-22",Instagram,1
"2024-04-23",Online Sales,410
"2024-03-06",Chatbot,2
"2024-02-17",Toyota Offer,21
"2024-04-04",Facebook,2
"2024-05-30",Motory,57
"2024-04-17",Events,2
"2024-10-26",Toll Free,78
"2024-03-11",Website,101
"2024-07-29",Website,114
"2024-03-23",Website,153
"2024-09-07",Online Sales,456
"2024-07-25",Online Sales,334
"2024-08-24",Motory,43
"2024-07-11",Motory,80
"2024-05-07",Test Drive,25
"2024-12-09",Toll Free,53
"2024-07-26",Chatbot,2
"2024-03-11",Online Sales,368
"2024-10-27",Website,115
"2024-07-04",Twitter,15
"2024-03-26",Chatbot,2
"2024-05-01",Online Sales,281
"2024-03-22",Toyota Offer,193
"2024-11-13",Website,97
"2024-03-06",Facebook,1
"2024-09-27",Events,1
"2024-05-02",Toll Free,116
"2024-03-28",Facebook,1
"2024-02-22",Chatbot,2
"2024-02-12",Facebook,5
"2024-10-16",Twitter,5
"2024-06-21",Website,69
"2024-11-06",Facebook,1
"2024-07-18",Toyota Offer,2
"2024-04-16",Chatbot,1
"2024-09-05",Test Drive,55
"2024-02-05",Mobile Applications-TSS,1
"2024-12-31",Chatbot,2
"2024-09-12",Motory,50
"2024-08-13",Toll Free,191
"2024-08-08",Twitter,16
"2024-01-28",Online Sales,358
"2024-02-07",Motory,93
"2024-01-20",Twitter,3
"2024-02-08",Chatbot,1
"2024-01-31",Twitter,4
"2024-07-29",Social Media - Campaign,50
"2024-12-08",Test Drive,46
"2024-10-31",Online Sales,297
"2024-03-12",Website,111
"2024-11-28",Motory,23
"2024-01-12",Website,77
"2024-10-21",Toll Free,84
"2024-11-04",Test Drive,34
"2024-12-26",Motory Campaign,4
"2024-01-04",Social Media - Campaign,2
"2024-01-09",Motory Campaign,1
"2024-12-19",Instagram,1
"2024-12-17",Online Sales,284
"2024-12-04",Website,109
"2024-01-20",Mobile Applications-TSS,1
"2024-05-21",Toll Free,247
"2024-10-11",Toll Free,9
"2024-09-12",Online Sales,487
"2024-12-23",Motory Campaign,109
"2024-08-27",Mobile Applications-TSS,1
"2024-09-30",Website,141
"2024-06-27",Motory,81
"2024-11-07",Social Media - Campaign,111
"2024-09-17",Toll Free,119
"2024-05-18",Test Drive,58
"2024-11-21",Website,120
"2024-05-30",Toll Free,172
"2024-04-29",Twitter,11
"2024-07-26",Online Sales,346
"2024-04-02",Motory,75
"2024-01-09",Toll Free,131
"2024-01-29",Toyota Offer,31
"2024-03-02",Motory,81
"2024-09-10",Facebook,1
"2024-02-17",Mobile Applications-TSS,2
"2024-10-24",Twitter,12
"2024-01-12",Twitter,4
"2024-07-07",Chatbot,1
"2024-02-14",Toll Free,150
"2024-03-17",Motory,113
"2024-03-16",Website,157
"2024-09-20",Test Drive,46
"2024-02-19",Twitter,6
"2024-11-27",Social Media - Campaign,100
"2024-04-02",Social Media - Campaign,1
"2024-07-06",Facebook,1
"2024-04-12",Online Sales,125
"2024-06-30",Motory,73
"2024-01-28",Facebook,1
"2024-10-05",Test Drive,48
"2024-06-06",Online Sales,358
"2024-11-07",Test Drive,30
"2024-10-05",Motory,48
"2024-08-26",Motory,36
"2024-07-25",Twitter,31
"2024-04-08",Instagram,1
"2024-11-02",Test Drive,35
"2024-12-19",Motory Campaign,70
"2024-12-08",Toll Free,58
"2024-08-02",Chatbot,2
"2024-02-24",Toll Free,127
"2024-01-29",Online Sales,384
"2024-09-02",Website,157
"2024-05-15",Chatbot,8
"2024-04-01",Social Media - Campaign,21
"2024-11-02",Motory,27
"2024-11-23",Test Drive,43
"2024-05-14",Website,109
"2024-11-04",Motory,43
"2024-02-07",Instagram,2
"2024-10-03",Test Drive,35
"2024-01-20",Toyota Offer,48
"2024-12-28",Website,119
"2024-07-24",Motory,75
"2024-11-07",Toyota Offer,375
"2024-06-19",Test Drive,19
"2024-06-06",Test Drive,25
"2024-09-25",Toll Free,136
"2024-12-01",Website,70
"2024-09-03",Events,1
"2024-08-07",Motory Campaign,32
"2024-04-25",Toll Free,151
"2024-06-19",Toll Free,1
"2024-12-26",Toll Free,66
"2024-08-03",Twitter,16
"2024-09-13",Twitter,18
"2024-03-04",Toyota Offer,1
"2024-09-24",Online Sales,449
"2024-12-11",Motory Campaign,91
"2024-06-22",Social Media - Campaign,16
"2024-03-20",Online Sales,486
"2024-09-08",Toll Free,159
"2024-05-12",Online Sales,287
"2024-09-16",Twitter,30
"2024-03-16",Motory,126
"2024-12-22",Twitter,6
"2024-11-15",Toll Free,14
"2024-03-09",Motory,94
"2024-05-23",Toyota Offer,116
"2024-05-27",Social Media - Campaign,1
"2024-10-25",Events,2
"2024-12-04",Twitter,4
"2024-07-17",Twitter,14
"2024-06-18",Motory,26
"2024-02-07",Social Media - Campaign,45
"2024-06-25",Motory,70
"2024-09-13",Social Media - Campaign,105
"2024-10-19",Toll Free,104
"2024-07-22",Website,108
"2024-07-22",Test Drive,51
"2024-09-22",Online Sales,467
"2024-11-16",Online Sales,327
"2024-08-10",Twitter,16
"2024-01-16",Online Sales,375
"2024-11-10",Toll Free,73
"2024-03-12",Toll Free,93
"2024-06-30",Social Media - Campaign,2
"2024-06-02",Twitter,8
"2024-04-19",Twitter,6
"2024-01-01",Instagram,1
"2024-11-14",Online Sales,282
"2024-08-14",Twitter,30
"2024-08-15",Social Media - Campaign,76
"2024-06-02",Toll Free,188
"2024-01-08",Toyota Offer,27
"2024-07-11",Toll Free,153
"2024-02-18",Motory,141
"2024-02-19",Motory,96
"2024-09-12",Chatbot,6
"2024-06-01",Online Sales,287
"2024-06-26",Online Sales,353
"2024-05-20",Test Drive,67
"2024-01-14",Twitter,11
"2024-07-10",Toll Free,166
"2024-06-01",Test Drive,47
"2024-12-20",Social Media - Campaign,150
"2024-11-14",Website,96
"2024-07-09",Motory,88
"2024-09-30",Chatbot,5
"2024-12-04",Online Sales,262
"2024-05-19",Test Drive,54
"2024-06-12",Website,94
"2024-03-28",Website,130
"2024-09-20",Toyota Offer,53
"2024-06-05",Twitter,8
"2024-01-11",Twitter,16
"2024-09-26",Test Drive,47
"2024-06-24",Toll Free,187
"2024-06-25",Social Media - Campaign,49
"2024-09-25",Motory,75
"2024-07-29",Twitter,22
"2024-12-24",Toyota Offer,2
"2024-10-13",Online Sales,451
"2024-10-30",Chatbot,3
"2024-08-18",Toll Free,421
"2024-05-09",Test Drive,17
"2024-08-20",Online Sales,1386
"2024-02-17",Motory,139
"2024-01-05",Chatbot,2
"2024-08-05",Instagram,1
"2024-07-04",Online Sales,540
"2024-12-18",Social Media - Campaign,64
"2024-12-20",Online Sales,196
"2024-08-22",Twitter,33
"2024-08-20",Motory,54
"2024-10-18",Motory,63
"2024-04-20",Website,119
"2024-10-31",Instagram,1
"2024-03-23",Toll Free,108
"2024-10-01",Toll Free,99
"2024-08-05",Test Drive,38
"2024-05-19",Twitter,21
"2024-05-11",Instagram,1
"2024-11-05",Chatbot,1
"2024-09-14",Instagram,2
"2024-11-22",Twitter,1
"2024-07-06",Social Media - Campaign,108
"2024-03-30",Twitter,20
"2024-07-16",Toll Free,163
"2024-02-03",Toll Free,159
"2024-02-11",Website,106
"2024-02-02",Mobile Applications-TSS,1
"2024-01-14",Mobile Applications-TSS,1
"2024-07-23",Toyota Offer,46
"2024-05-05",Twitter,17
"2024-03-16",Online Sales,512
"2024-06-27",Toll Free,128
"2024-12-15",Toll Free,62
"2024-01-10",Chatbot,1
"2024-07-10",Toyota Offer,3
"2024-10-21",Twitter,9
"2024-11-18",Motory Campaign,172
"2024-04-19",Website,89
"2024-04-01",Instagram,1
"2024-05-25",Toll Free,198
"2024-10-26",Motory,35
"2024-02-20",Instagram,1
"2024-03-19",Chatbot,1
"2024-09-26",Twitter,17
"2024-09-19",Toll Free,109
"2024-08-06",Toyota Offer,1
"2024-10-24",Facebook,1
"2024-05-13",Toll Free,159
"2024-10-03",Twitter,9
"2024-09-27",Chatbot,6
"2024-10-09",Instagram,2
"2024-12-14",Social Media - Campaign,106
"2024-11-05",Toll Free,60
"2024-09-24",Social Media - Campaign,4
"2024-08-27",Instagram,2
"2024-05-26",Toyota Offer,2
"2024-09-26",Chatbot,2
"2024-04-29",Motory,80
"2024-07-30",Facebook,2
"2024-07-17",Online Sales,324
"2024-02-26",Instagram,1
"2024-12-19",Online Sales,223
"2024-11-05",Toyota Offer,189
"2024-11-06",Online Sales,300
"2024-04-01",Twitter,8
"2024-04-21",Events,8
"2024-03-06",Toll Free,168
"2024-04-09",Motory,26
"2024-05-01",Toll Free,180
"2024-05-05",Test Drive,18
"2024-07-18",Toll Free,157
"2024-05-21",Twitter,21
"2024-06-09",Toyota Offer,624
"2024-07-28",Test Drive,51
"2024-04-16",Motory,100
"2024-12-29",Toyota Offer,5
"2024-08-24",Online Sales,1292
"2024-03-11",Twitter,8
"2024-05-17",Twitter,16
"2024-12-06",Twitter,3
"2024-12-18",Motory Campaign,76
"2024-09-07",Website,183
"2024-11-25",Motory Campaign,85
"2024-09-16",Events,1
"2024-05-16",Instagram,2
"2024-01-02",Toll Free,132
"2024-07-05",Motory,56
"2024-05-02",Twitter,10
"2024-06-07",Online Sales,328
"2024-08-05",Chatbot,4
"2024-07-01",Toll Free,395
"2024-06-14",Twitter,15
"2024-11-20",Toll Free,81
"2024-09-27",Test Drive,44
"2024-03-18",Events,1
"2024-05-25",Chatbot,2
"2024-05-05",Social Media - Campaign,192
"2024-10-04",Social Media - Campaign,21
"2024-08-24",Chatbot,5
"2024-01-30",Motory,82
"2024-01-20",Website,90
"2024-04-06",Toll Free,2
"2024-10-11",Twitter,4
"2024-03-16",Social Media - Campaign,8
"2024-11-12",Chatbot,4
"2024-01-11",Toyota Offer,45
"2024-01-30",Facebook,1
"2024-07-02",Instagram,1
"2024-06-22",Motory,81
"2024-09-02",Toll Free,200
"2024-09-23",Motory,36
"2024-06-30",Online Sales,297
"2024-12-13",Website,54
"2024-05-26",Motory,65
"2024-03-29",Facebook,1
"2024-08-11",Test Drive,55
"2024-10-01",Online Sales,92
"2024-05-28",Test Drive,54
"2024-03-21",Twitter,16
"2024-06-17",Motory,28
"2024-10-20",Motory Campaign,172
"2024-10-07",Toll Free,102
"2024-11-23",Toyota Offer,1
"2024-06-02",Toyota Offer,2
"2024-04-01",Motory,87
"2024-09-06",Online Sales,368
"2024-05-26",Twitter,25
"2024-09-12",Social Media - Campaign,37
"2024-10-16",Toll Free,69
"2024-04-12",Motory,45
"2024-07-07",Motory,86
"2024-12-22",Toll Free,65
"2024-02-21",Website,112
"2024-11-11",Website,106
"2024-08-14",Social Media - Campaign,23
"2024-12-21",Toll Free,40
"2024-05-06",Test Drive,23
"2024-04-06",Twitter,8
"2024-03-28",Mobile Applications-TSS,2
"2024-01-31",Toyota Offer,26
"2024-09-17",Events,1
"2024-05-22",Twitter,30
"2024-03-05",Toyota Offer,1
"2024-10-13",Twitter,10
"2024-12-28",Chatbot,6
"2024-02-11",Toyota Offer,20
"2024-01-07",Online Sales,424
"2024-10-04",Online Sales,287
"2024-05-23",Social Media - Campaign,114
"2024-01-18",Motory Campaign,1
"2024-03-23",Motory,97
"2024-10-25",Website,85
"2024-06-09",Chatbot,3
"2024-06-06",Website,71
"2024-01-29",Toll Free,167
"2024-03-13",Website,105
"2024-07-20",Toyota Offer,125
"2024-06-27",Instagram,2
"2024-01-23",Mobile Applications-TSS,1
"2024-12-04",Social Media - Campaign,33
"2024-05-14",Motory,81
"2024-07-08",Website,76
"2024-03-24",Website,144
"2024-12-10",Website,110
"2024-09-19",Website,140
"2024-11-04",Toyota Offer,13
"2024-05-29",Facebook,1
"2024-03-30",Online Sales,473
"2024-12-31",Website,100
"2024-02-28",Chatbot,1
"2024-05-10",Toyota Offer,6
"2024-01-22",Toyota Offer,46
"2024-11-28",Facebook,1
"2024-07-27",Test Drive,45
"2024-09-13",Toll Free,22
"2024-07-09",Test Drive,33
"2024-06-25",Test Drive,57
"2024-02-02",Instagram,1
"2024-10-26",Test Drive,55
"2024-11-30",Toll Free,52
"2024-01-06",Online Sales,349
"2024-06-18",Online Sales,310
"2024-04-18",Website,106
"2024-03-15",Social Media - Campaign,44
"2024-05-01",Website,95
"2024-05-06",Social Media - Campaign,178
"2024-01-11",Toll Free,127
"2024-09-13",Toyota Offer,88
"2024-08-14",Motory Campaign,31
"2024-03-13",Chatbot,1
"2024-10-17",Motory Campaign,148
"2024-11-14",Chatbot,1
"2024-12-03",Toyota Offer,3
"2024-11-10",Chatbot,2
"2024-03-17",Online Sales,510
"2024-05-06",Facebook,3
"2024-02-14",Twitter,6
"2024-06-27",Events,1
"2024-09-06",Motory,35
"2024-02-21",Mobile Applications-TSS,1
"2024-10-23",Toll Free,95
"2024-03-10",Motory,79
"2024-11-27",Toll Free,78
"2024-06-24",Website,116
"2024-12-17",Twitter,5
"2024-06-21",Chatbot,1
"2024-05-03",Social Media - Campaign,148
"2024-01-02",Website,90
"2024-03-03",Chatbot,1
"2024-03-07",Mobile Applications-TSS,1
"2024-05-02",Chatbot,1
"2024-04-28",Toll Free,173
"2024-09-01",Website,161
"2024-12-26",Test Drive,43
"2024-08-22",Social Media - Campaign,1
"2024-04-25",Events,3
"2024-08-23",Online Sales,1233
"2024-02-06",Online Sales,388
"2024-01-13",Toyota Offer,56
"2024-12-18",Twitter,5
"2024-02-16",Twitter,6
"2024-04-03",Website,46
"2024-07-29",Online Sales,341
"2024-03-19",Motory,114
"2024-02-06",Instagram,1
"2024-01-09",Online Sales,334
"2024-06-09",Twitter,15
"2024-05-22",Motory,88
"2024-06-06",Toyota Offer,44
"2024-01-01",Chatbot,2
"2024-08-29",Events,2
"2024-08-17",Toll Free,371
"2024-04-21",Toyota Offer,11
"2024-02-09",Website,54
"2024-01-09",Social Media - Campaign,31
"2024-11-28",Toyota Offer,4
"2024-07-19",Instagram,1
"2024-11-12",Motory Campaign,153
"2024-03-02",Chatbot,1
"2024-03-07",Events,1
"2024-08-12",Toll Free,262
"2024-06-05",Toll Free,213
"2024-03-07",Twitter,6
"2024-12-16",Website,52
"2024-01-15",Motory,91
"2024-03-13",Toll Free,112
"2024-08-30",Toyota Offer,39
"2024-04-01",Events,1
"2024-12-25",Toll Free,67
"2024-03-24",Twitter,12
"2024-09-10",Online Sales,517
"2024-03-27",Online Sales,412
"2024-10-04",Website,84
"2024-09-03",Toll Free,200
"2024-01-22",Chatbot,2
"2024-09-15",Test Drive,12
"2024-01-11",Instagram,2
"2024-02-23",Online Sales,295
"2024-11-21",Twitter,6
"2024-06-22",Instagram,1
"2024-06-25",Twitter,22
"2024-03-13",Instagram,3
"2024-07-08",Social Media - Campaign,110
"2024-02-18",Instagram,1
"2024-04-21",Instagram,1
"2024-02-03",Social Media - Campaign,60
"2024-01-23",Social Media - Campaign,71
"2024-12-07",Test Drive,37
"2024-05-27",Toll Free,175
"2024-08-05",Toyota Offer,1
"2024-10-05",Instagram,1
"2024-04-12",Twitter,9
"2024-01-20",Facebook,1
"2024-08-23",Chatbot,5
"2024-03-08",Motory,77
"2024-02-22",Motory,67
"2024-08-16",Social Media - Campaign,72
"2024-12-26",Online Sales,166
"2024-03-16",Chatbot,1
"2024-08-11",Online Sales,392
"2024-10-15",Toyota Offer,1
"2024-05-24",Toyota Offer,69
"2024-08-12",Twitter,28
"2024-08-21",Motory Campaign,15
"2024-08-28",Chatbot,5
"2024-01-31",Instagram,1
"2024-07-03",Test Drive,69
"2024-12-04",Test Drive,51
"2024-05-14",Test Drive,51
"2024-12-29",Chatbot,1
"2024-02-20",Motory,124
"2024-02-19",Instagram,2
"2024-05-30",Chatbot,2
"2024-08-13",Twitter,103
"2024-05-02",Events,4
"2024-05-29",Website,103
"2024-04-06",Motory,55
"2024-05-31",Chatbot,4
"2024-06-30",Events,1
"2024-12-21",Chatbot,4
"2024-01-26",Toyota Offer,34
"2024-07-07",Toll Free,157
"2024-05-30",Online Sales,394
"2024-03-29",Motory,79
"2024-10-28",Toll Free,91
"2024-10-25",Chatbot,2
"2024-10-02",Online Sales,257
"2024-01-03",Toll Free,128
"2024-01-26",Online Sales,304
"2024-01-10",Website,75
"2024-05-04",Facebook,2
"2024-03-26",Toyota Offer,1006
"2024-11-15",Test Drive,23
"2024-08-29",Yalla Motor,68
"2024-04-27",Motory,79
"2024-09-21",Motory,37
"2024-06-22",Chatbot,4
"2024-06-30",Website,148
"2024-12-18",Motory,49
"2024-11-20",Chatbot,5
"2024-09-10",Website,185
"2024-08-14",Chatbot,4
"2024-12-10",Social Media - Campaign,98
"2024-05-08",Website,112
"2024-09-30",Twitter,16
"2024-11-14",Toyota Offer,88
"2024-12-26",Website,133
"2024-08-03",Social Media - Campaign,149
"2024-04-26",Online Sales,339
"2024-04-01",Toll Free,111
"2024-04-26",Toyota Offer,20
"2024-01-26",Website,69
"2024-10-09",Twitter,7
"2024-08-31",Twitter,34
"2024-09-09",Online Sales,496
"2024-04-25",Chatbot,1
"2024-11-22",Facebook,1
"2024-10-01",Chatbot,3
"2024-03-31",Toyota Offer,1396
"2024-02-11",Toll Free,157
"2024-06-22",Test Drive,40
"2024-01-28",Twitter,8
"2024-11-06",Chatbot,2
"2024-07-14",Online Sales,410
"2024-05-15",Facebook,1
"2024-06-18",Mobile Applications-TSS,1
"2024-03-02",Mobile Applications-TSS,1
"2024-05-20",Twitter,25
"2024-08-13",Instagram,1
"2024-06-23",Website,102
"2024-12-15",Website,114
"2024-10-01",Toyota Offer,1
"2024-07-15",Online Sales,397
"2024-06-03",Online Sales,377
"2024-09-04",Toll Free,188
"2024-02-24",Toyota Offer,36
"2024-12-13",Online Sales,127
"2024-12-08",Social Media - Campaign,138
"2024-01-07",Motory,92
"2024-04-14",Website,95
"2024-12-07",Twitter,2
"2024-05-31",Website,87
"2024-10-01",Instagram,1
"2024-12-31",Twitter,1
"2024-12-29",Motory Campaign,11
"2024-12-22",Toyota Offer,2
"2024-05-18",Online Sales,466
"2024-01-29",Website,86
"2024-03-18",Website,159
"2024-10-25",Twitter,10
"2024-02-01",Motory,59
"2024-01-29",Motory,67
"2024-09-08",Events,2
"2024-07-12",Website,60
"2024-10-12",Social Media - Campaign,80
"2024-09-08",Website,225
"2024-12-10",Motory,44
"2024-08-23",Yalla Motor,7
"2024-01-28",Toll Free,154
"2024-07-28",Website,76
"2024-12-11",Toyota Offer,5
"2024-11-26",Twitter,6
"2024-06-08",Events,1
"2024-01-02",Chatbot,4
"2024-10-14",Toll Free,70
"2024-09-12",Toll Free,81
"2024-02-18",Website,131
"2024-06-04",Twitter,9
"2024-02-10",Facebook,1
"2024-08-16",Motory,46
"2024-08-11",Motory Campaign,30
"2024-04-27",Website,115
"2024-02-13",Motory,93
"2024-11-01",Online Sales,242
"2024-06-28",Online Sales,291
"2024-02-21",Online Sales,353
"2024-12-28",Social Media - Campaign,163
"2024-01-24",Toyota Offer,25
"2024-12-09",Motory Campaign,100
"2024-01-05",Social Media - Campaign,1
"2024-01-09",Chatbot,3
"2024-05-13",Test Drive,26
"2024-12-15",Toyota Offer,2
"2024-03-01",Toll Free,39
"2024-09-11",Toll Free,110
"2024-06-28",Chatbot,1
"2024-08-30",Online Sales,498
"2024-02-26",Toyota Offer,359
"2024-10-14",Chatbot,3
"2024-12-07",Motory Campaign,6
"2024-10-30",Twitter,16
"2024-01-13",Website,104
"2024-08-11",Toyota Offer,57
"2024-08-20",Twitter,41
"2024-06-07",Twitter,8
"2024-05-24",Motory,63
"2024-08-03",Motory,99
"2024-12-24",Toll Free,60
"2024-07-19",Toll Free,28
"2024-01-21",Toll Free,142
"2024-09-15",Social Media - Campaign,20
"2024-07-24",Website,99
"2024-08-24",Yalla Motor,21
"2024-08-27",Events,2
"2024-02-09",Online Sales,204
"2024-10-14",Website,124
"2024-11-19",Motory,49
"2024-05-10",Toll Free,2
"2024-05-19",Website,94
"2024-05-18",Facebook,3
"2024-01-30",Toll Free,179
"2024-05-10",Chatbot,4
"2024-01-15",Website,101
"2024-09-09",Motory,57
"2024-03-29",Instagram,1
"2024-06-28",Facebook,2
"2024-10-13",Toll Free,70
"2024-08-19",Twitter,53
"2024-08-23",Motory,44
"2024-08-11",Motory,80
"2024-08-19",Online Sales,1531
"2024-07-08",Toll Free,103
"2024-08-27",Motory Campaign,7
"2024-12-25",Toyota Offer,2
"2024-12-09",Social Media - Campaign,146
"2024-10-28",Twitter,16
"2024-11-01",Website,73
"2024-09-22",Twitter,13
"2024-12-11",Toll Free,45
"2024-11-15",Chatbot,1
"2024-08-22",Test Drive,29
"2024-01-05",Twitter,8
"2024-11-06",Motory Campaign,49
"2024-10-19",Mobile Applications-TSS,2
"2024-01-18",Toll Free,107
"2024-12-12",Motory Campaign,42
"2024-11-25",Motory,56
"2024-03-19",Online Sales,517
"2024-11-05",Twitter,5
"2024-01-25",Toyota Offer,35
"2024-01-12",Motory,94
"2024-08-10",Social Media - Campaign,69
"2024-05-12",Toll Free,132
"2024-07-13",Social Media - Campaign,147
"2024-04-03",Online Sales,204
"2024-05-20",Toyota Offer,2
"2024-08-07",Test Drive,30
"2024-05-26",Instagram,1
"2024-05-23",Website,104
"2024-07-13",Motory,74
"2024-06-30",Chatbot,1
"2024-01-17",Twitter,12
"2024-10-12",Website,115
"2024-07-20",Website,82
"2024-02-19",Toyota Offer,38
"2024-10-31",Chatbot,6
"2024-02-15",Toyota Offer,12
"2024-12-21",Instagram,1
"2024-03-11",Motory,80
"2024-07-21",Twitter,9
"2024-09-04",Test Drive,62
"2024-10-06",Toll Free,98
"2024-12-14",Chatbot,4
"2024-10-13",Mobile Applications-TSS,1
"2024-04-15",Motory,90
"2024-11-17",Motory Campaign,172
"2024-10-10",Test Drive,56
"2024-11-27",Test Drive,44
"2024-01-25",Motory,66
"2024-04-29",Website,128
"2024-09-15",Website,30
"2024-03-21",Website,135
"2024-12-02",Social Media - Campaign,42
"2024-10-04",Toll Free,21
"2024-06-01",Website,63
"2024-09-01",Motory Campaign,25
"2024-03-30",Website,132
"2024-09-19",Instagram,2
"2024-07-25",Toll Free,191
"2024-05-04",Twitter,9
"2024-05-13",Online Sales,359
"2024-09-23",Toyota Offer,1
"2024-10-20",Toll Free,95
"2024-07-04",Motory,56
"2024-12-11",Motory,38
"2024-08-09",Toyota Offer,217
"2024-06-28",Test Drive,29
"2024-04-14",Toll Free,175
"2024-03-22",Mobile Applications-TSS,1
"2024-03-05",Website,102
"2024-11-06",Toll Free,91
"2024-06-29",Chatbot,4
"2024-08-21",Online Sales,1493
"2024-06-14",Chatbot,2
"2024-04-22",Events,2
"2024-03-02",Online Sales,366
"2024-11-12",Twitter,5
"2024-03-10",Chatbot,3
"2024-06-18",Twitter,10
"2024-01-16",Toll Free,132
"2024-02-15",Toll Free,164
"2024-02-14",Website,133
"2024-07-31",Online Sales,183
"2024-03-28",Motory,71
"2024-05-09",Chatbot,5
"2024-09-11",Website,217
"2024-02-14",Online Sales,382
"2024-08-22",Yalla Motor,58
"2024-08-20",Chatbot,3
"2024-01-15",Online Sales,380
"2024-12-01",Motory,38
"2024-02-26",Online Sales,406
"2024-04-19",Toll Free,36
"2024-07-03",Toyota Offer,1
"2024-04-23",Twitter,20
"2024-12-29",Social Media - Campaign,161
"2024-12-17",Motory Campaign,110
"2024-02-25",Twitter,14
"2024-07-29",Test Drive,45
"2024-01-30",Twitter,10
"2024-05-17",Test Drive,66
"2024-04-02",Toyota Offer,35
"2024-01-31",Toll Free,177
"2024-08-24",Toyota Offer,10
"2024-08-20",Motory Campaign,25
"2024-02-09",Motory,95
"2024-06-24",Motory,68
"2024-03-10",Twitter,6
"2024-01-26",Instagram,1
"2024-11-29",Website,54
"2024-12-23",Chatbot,6
"2024-11-07",Chatbot,3
"2024-11-18",Motory,57
"2024-08-29",Toyota Offer,72
"2024-04-26",Chatbot,1
"2024-03-23",Online Sales,446
"2024-05-07",Chatbot,3
"2024-08-23",Test Drive,38
"2024-05-02",Motory,69
"2024-03-29",Toll Free,47
"2024-11-21",Chatbot,6
"2024-10-08",Motory,59
"2024-06-05",Chatbot,3
"2024-05-11",Motory,75
"2024-07-20",Chatbot,4
"2024-05-21",Instagram,1
"2024-07-04",Toll Free,152
"2024-07-01",Motory,68
"2024-08-09",Twitter,10
"2024-03-22",Facebook,1
"2024-08-28",Toll Free,294
"2024-12-20",Twitter,4
"2024-06-10",Social Media - Campaign,1
"2024-05-24",Toll Free,38
"2024-12-23",Toyota Offer,3
"2024-10-10",Chatbot,1
"2024-07-10",Motory,75
"2024-06-06",Events,1
"2024-06-28",Website,62
"2024-02-13",Online Sales,384
"2024-06-09",Test Drive,48
"2024-03-29",Website,119
"2024-01-25",Mobile Applications-TSS,1
"2024-03-27",Events,1
"2024-04-14",HoloLens,1
"2024-04-24",Twitter,10
"2024-05-21",Social Media - Campaign,40
"2024-09-29",Mobile Applications-TSS,1
"2024-09-12",Instagram,2
"2024-07-01",Chatbot,3
"2024-06-26",Test Drive,43
"2024-03-16",Facebook,2
"2024-09-09",Facebook,1
"2024-12-01",Test Drive,18
"2024-01-22",Toll Free,139
"2024-01-03",Chatbot,1
"2024-10-26",Twitter,17
"2024-03-22",Toll Free,35
"2024-03-29",Chatbot,10
"2024-05-17",Online Sales,374
"2024-12-21",Motory,40
"2024-03-17",Toll Free,158
"2024-07-10",Twitter,11
"2024-07-08",Online Sales,10
"2024-10-15",Motory,48
"2024-07-15",Twitter,9
"2024-09-30",Instagram,1
"2024-09-26",Toll Free,99
"2024-06-23",Chatbot,1
"2024-01-08",Motory,88
"2024-10-30",Motory Campaign,83
"2024-01-15",Toll Free,154
"2024-01-19",Motory,80
"2024-11-22",Toyota Offer,23
"2024-10-17",Test Drive,56
"2024-11-10",Motory Campaign,70
"2024-08-08",Motory,70
"2024-10-06",Twitter,4
"2024-05-29",Toll Free,171
"2024-05-06",Motory,75
"2024-12-16",Toll Free,60
"2024-11-06",Twitter,7
"2024-12-16",Toyota Offer,2
"2024-10-20",Test Drive,46
"2024-08-04",Test Drive,28
"2024-04-19",Events,4
"2024-07-28",Twitter,17
"2024-05-06",Chatbot,1
"2024-11-26",Toll Free,68
"2024-09-21",Chatbot,5
"2024-06-20",Chatbot,3
"2024-05-27",Twitter,21
"2024-09-22",Instagram,1
"2024-10-25",Test Drive,53
"2024-08-08",Facebook,1
"2024-03-09",Instagram,1
"2024-11-28",Social Media - Campaign,89
"2024-04-28",Online Sales,418
"2024-01-23",Motory,83
"2024-03-08",Website,89
"2024-07-01",Test Drive,59
"2024-10-24",Toll Free,73
"2024-01-17",Social Media - Campaign,18
"2024-09-03",Chatbot,1
"2024-06-07",Toyota Offer,5
"2024-06-19",Toyota Offer,1
"2024-06-13",Twitter,19
"2024-07-11",Social Media - Campaign,161
"2024-12-01",Facebook,1
"2024-10-12",Toll Free,61
"2024-12-13",Motory,27
"2024-06-11",Website,94
"2024-04-23",Chatbot,4
"2024-11-23",Chatbot,2
"2024-11-19",Twitter,10
"2024-11-17",Chatbot,5
"2024-11-20",Twitter,9
"2024-01-07",Chatbot,4
"2024-04-21",Twitter,7
"2024-11-18",Website,94
"2024-08-22",Motory Campaign,15
"2024-03-15",Instagram,1
"2024-09-05",Online Sales,435
"2024-03-06",Online Sales,357
"2024-09-13",Motory,42
"2024-05-07",Facebook,1
"2024-06-05",Toyota Offer,1
"2024-08-21",Motory,56
"2024-09-28",Toll Free,70
"2024-03-07",Online Sales,329
"2024-01-28",Toyota Offer,44
"2024-09-18",Mobile Applications-TSS,1
"2024-11-20",Website,105
"2024-10-26",Toyota Offer,68
"2024-08-07",Online Sales,384
"2024-10-22",Online Sales,362
"2024-08-23",Social Media - Campaign,138
"2024-08-08",Toll Free,184
"2024-07-17",Chatbot,4
"2024-02-27",Online Sales,391
"2024-06-10",Twitter,25
"2024-08-29",Twitter,24
"2024-05-14",Toyota Offer,1370
"2024-11-24",Online Sales,315
"2024-04-21",Motory,102
"2024-08-12",Chatbot,5
"2024-05-04",Toyota Offer,1
"2024-12-27",Test Drive,38
"2024-10-10",Online Sales,387
"2024-08-05",Motory,93
"2024-10-07",Twitter,5
"2024-08-30",Website,180
"2024-12-09",Chatbot,2
"2024-05-11",Website,112
"2024-02-10",Toll Free,131
"2024-08-19",Motory Campaign,11
"2024-02-04",Twitter,6
"2024-06-15",Motory,25
"2024-06-19",Twitter,12
"2024-09-24",Toll Free,131
"2024-10-08",Twitter,8
"2024-02-13",Social Media - Campaign,26
"2024-10-08",Social Media - Campaign,1
"2024-09-30",Online Sales,396
"2024-04-18",Mobile Applications-TSS,4
"2024-10-04",Test Drive,48
"2024-11-09",Online Sales,295
"2024-09-10",Twitter,28
"2024-12-06",Toll Free,7
"2024-04-12",Mobile Applications-TSS,1
"2024-03-21",Events,1
"2024-09-05",Motory,49
"2024-05-22",Test Drive,72
"2024-08-04",Online Sales,285
"2024-03-13",Facebook,1
"2024-02-20",Chatbot,1
"2024-08-11",Twitter,37
"2024-04-07",Chatbot,1
"2024-08-28",Test Drive,34
"2024-08-20",Yalla Motor,5
"2024-08-13",Facebook,1
"2024-07-03",Social Media - Campaign,28
"2024-01-24",Instagram,1
"2024-03-31",Facebook,4
"2024-12-24",Test Drive,46
"2024-01-27",Social Media - Campaign,38
"2024-09-23",Website,198
"2024-04-04",Motory Campaign,1
"2024-08-25",Twitter,36
"2024-11-26",Online Sales,284
"2024-09-06",Website,142
"2024-06-06",Toll Free,179
"2024-09-22",Chatbot,5
"2024-03-03",Events,2
"2024-09-20",Social Media - Campaign,67
"2024-06-23",Mobile Applications-TSS,2
"2024-12-03",Test Drive,30
"2024-12-16",Test Drive,14
"2024-12-13",Instagram,1
"2024-04-24",Chatbot,3
"2024-07-07",Twitter,12
"2024-04-15",Online Sales,364
"2024-10-27",Motory Campaign,21
"2024-04-13",Social Media - Campaign,129
"2024-08-04",Chatbot,1
"2024-10-06",Chatbot,2
"2024-08-30",Social Media - Campaign,40
"2024-02-16",Mobile Applications-TSS,1
"2024-01-20",Motory,95
"2024-08-02",Twitter,9
"2024-10-28",Motory Campaign,23
"2024-06-16",Mobile Applications-TSS,1
"2024-07-17",Motory,89
"2024-12-12",Social Media - Campaign,21
"2024-11-01",Toll Free,8
"2024-11-06",Test Drive,38
"2024-05-31",Facebook,1
"2024-02-06",Twitter,5
"2024-07-05",Website,44
"2024-10-23",Online Sales,343
"2024-10-10",Mobile Applications-TSS,1
"2024-10-13",Website,168
"2024-11-27",Facebook,1
"2024-09-16",Social Media - Campaign,180
"2024-07-02",Test Drive,54
"2024-10-20",Website,138
"2024-05-16",Test Drive,45
"2024-03-20",Motory,148
"2024-04-03",Motory,66
"2024-07-01",Mobile Applications-TSS,1
"2024-12-22",Chatbot,2
"2024-04-09",Instagram,1
"2024-08-21",Test Drive,34
"2024-07-23",Twitter,32
"2024-10-08",Test Drive,59
"2024-02-14",Chatbot,1
"2024-01-16",Twitter,8
"2024-10-10",Social Media - Campaign,138
"2024-04-27",Social Media - Campaign,137
"2024-04-23",Social Media - Campaign,15
"2024-07-08",Instagram,1
"2024-05-28",Motory,71
"2024-09-25",Online Sales,466
"2024-09-25",Website,215
"2024-11-28",Website,88
"2024-08-09",Test Drive,33
"2024-12-30",Website,177
"2024-05-19",Toyota Offer,56
"2024-01-13",Toll Free,103
"2024-08-16",Toll Free,116
"2024-10-27",Instagram,1
"2024-03-25",Facebook,1
"2024-11-19",Website,116
"2024-05-14",Mobile Applications-TSS,1
"2024-05-04",Website,110
"2024-02-06",Toyota Offer,23
"2024-09-07",Test Drive,61
"2024-10-27",Toyota Offer,1
"2024-12-23",Social Media - Campaign,135
"2024-06-02",Events,1
"2024-04-05",Chatbot,2
"2024-05-15",Toll Free,161
"2024-06-05",Online Sales,324
"2024-05-14",Social Media - Campaign,84
"2024-08-01",Motory Campaign,35
"2024-11-20",Motory Campaign,81
"2024-10-11",Motory Campaign,1
"2024-01-19",Chatbot,5
"2024-12-14",Toyota Offer,2
"2024-08-26",Yalla Motor,356
"2024-11-14",Test Drive,30
"2024-08-12",Online Sales,6
"2024-07-09",Toyota Offer,2
"2024-06-05",Test Drive,44
"2024-05-04",Motory,85
"2024-02-20",Toyota Offer,30
"2024-06-23",Test Drive,52
"2024-02-23",Motory,61
"2024-05-15",Motory,69
"2024-10-17",Chatbot,8
"2024-03-01",Chatbot,1
"2024-07-13",Test Drive,62
"2024-08-25",Chatbot,6
"2024-11-27",Online Sales,319
"2024-03-15",Online Sales,467
"2024-10-04",Events,1
"2024-06-30",Test Drive,63
"2024-06-04",Website,72
"2024-05-26",Website,119
"2024-10-31",Toyota Offer,60
"2024-06-17",Facebook,1
"2024-05-24",Online Sales,448
"2024-07-27",Instagram,2
"2024-12-17",Social Media - Campaign,101
"2024-09-16",Website,19
"2024-08-03",Toll Free,220
"2024-10-24",Online Sales,328
"2024-02-08",Online Sales,315
"2024-10-25",Motory,53
"2024-10-08",Chatbot,1
"2024-04-22",Chatbot,4
"2024-01-01",Toyota Offer,5
"2024-01-10",Twitter,6
"2024-11-25",Website,113
"2024-03-24",Events,1
"2024-11-09",Test Drive,50
"2024-01-13",Motory,96
"2024-02-01",Social Media - Campaign,47
"2024-07-05",Online Sales,139
"2024-07-19",Motory,62
"2024-06-01",Instagram,2
"2024-09-02",Test Drive,54
"2024-01-31",Website,90
"2024-07-06",Test Drive,32
"2024-09-03",Website,178
"2024-11-05",Website,103
"2024-01-24",Chatbot,1
"2024-07-13",Chatbot,4
"2024-11-21",Motory,48
"2024-04-07",Twitter,13
"2024-12-06",Motory,44
"2024-05-02",Online Sales,367
"2024-07-07",Online Sales,6
"2024-10-28",Toyota Offer,1
"2024-02-18",Chatbot,1
"2024-08-17",Social Media - Campaign,31
"2024-01-14",Toyota Offer,63
"2024-09-12",Toyota Offer,111
"2024-04-20",Toll Free,124
"2024-11-16",Chatbot,2
"2024-10-08",Online Sales,405
"2024-09-14",Twitter,22
"2024-04-16",Toll Free,183
"2024-03-17",Mobile Applications-TSS,1
"2024-10-13",Motory,48
"2024-08-09",Motory,56
"2024-08-11",Social Media - Campaign,13
"2024-02-02",Website,49
"2024-02-16",Website,86
"2024-01-16",Chatbot,4
"2024-03-31",Online Sales,488
"2024-10-21",Website,91
"2024-09-02",Mobile Applications-TSS,2
"2024-05-04",Events,2
"2024-12-21",Website,133
"2024-12-24",Chatbot,1
"2024-08-29",Website,88
"2024-04-27",Events,3
"2024-07-06",Instagram,1
"2024-05-21",Test Drive,65
"2024-05-25",Motory,68
"2024-09-12",Twitter,24
"2024-09-24",Website,190
"2024-09-15",Online Sales,87
"2024-05-25",Twitter,25
"2024-07-31",Website,36
"2024-12-15",Chatbot,5
"2024-12-08",Toyota Offer,7
"2024-11-21",Toll Free,48
"2024-04-23",Events,1
"2024-06-29",Twitter,19
"2024-07-27",Social Media - Campaign,13
"2024-08-17",Events,1
"2024-07-02",Motory,73
"2024-10-07",Social Media - Campaign,12
"2024-12-27",Chatbot,2
"2024-10-15",Toll Free,103
"2024-05-09",Social Media - Campaign,35
"2024-09-05",Website,166
"2024-02-28",Twitter,7
"2024-03-06",Motory,62
"2024-06-07",Test Drive,32
"2024-04-12",Website,33
"2024-11-11",Test Drive,38
"2024-12-12",Toll Free,40
"2024-08-13",Test Drive,186
"2024-09-11",Twitter,22
"2024-08-24",Test Drive,49
"2024-03-10",Website,114
"2024-07-20",Online Sales,437
"2024-03-20",Toll Free,132
"2024-05-18",Social Media - Campaign,378
"2024-06-11",Toyota Offer,2
"2024-12-28",Toyota Offer,2
"2024-10-15",Motory Campaign,25
"2024-06-09",Events,1
"2024-09-22",Facebook,1
"2024-04-30",Motory,74
"2024-03-26",Website,171
"2024-10-05",Toll Free,59
"2024-01-02",Instagram,1
"2024-03-08",Online Sales,315
"2024-02-16",Facebook,1
"2024-11-24",Toll Free,78
"2024-01-14",Toll Free,184
"2024-10-29",Facebook,1
"2024-02-29",Website,81
"2024-10-22",Motory,58
"2024-07-31",Facebook,1
"2024-01-21",Mobile Applications-TSS,1
"2024-04-20",Motory,89
"2024-04-19",Social Media - Campaign,49
"2024-10-10",Toll Free,58
"2024-10-26",Online Sales,404
"2024-08-10",Motory,64
"2024-05-05",Motory,78
"2024-03-25",Events,3
"2024-11-08",Motory,35
"2024-09-18",Toyota Offer,24
"2024-09-22",Mobile Applications-TSS,1
"2024-06-23",Motory,74
"2024-03-25",Motory,123
"2024-02-22",Twitter,11
"2024-09-04",Online Sales,480
"2024-04-11",Chatbot,1
"2024-06-28",Twitter,13
"2024-10-17",Online Sales,314
"2024-06-02",Motory,74
"2024-07-09",Twitter,13
"2024-12-26",Facebook,2
"2024-09-28",Toyota Offer,23
"2024-07-30",Toll Free,226
"2024-07-22",Social Media - Campaign,40
"2024-04-12",Social Media - Campaign,69
"2024-03-14",Toll Free,110
"2024-03-15",Facebook,1
"2024-09-26",Social Media - Campaign,1
"2024-11-05",Social Media - Campaign,18
"2024-10-24",Test Drive,54
"2024-09-14",Online Sales,255
"2024-10-12",Twitter,13
"2024-10-28",Online Sales,368
"2024-06-13",Toyota Offer,2
"2024-09-16",Test Drive,11
"2024-08-09",Social Media - Campaign,84
"2024-01-08",Online Sales,458
"2024-01-23",Online Sales,376
"2024-01-08",Website,90
"2024-08-04",Motory Campaign,64
"2024-10-16",Chatbot,1
"2024-11-01",Toyota Offer,12
"2024-05-20",Chatbot,5
"2024-05-02",Toyota Offer,1
"2024-03-30",Chatbot,4
"2024-09-02",Motory,51
"2024-10-04",Twitter,1
"2024-04-20",Chatbot,4
"2024-07-04",Toyota Offer,1
"2024-07-25",Instagram,2
"2024-06-02",Website,87
"2024-03-08",Chatbot,1
"2024-02-03",Chatbot,2
"2024-12-03",Motory,36
"2024-12-30",Toll Free,48
"2024-03-09",Toll Free,138
"2024-04-05",Toll Free,10
"2024-03-31",Chatbot,5
"2024-03-23",Toyota Offer,102
"2024-01-20",Social Media - Campaign,52
"2024-11-24",Facebook,2
"2024-08-31",Events,2
"2024-12-25",Motory Campaign,3
"2024-05-27",Chatbot,6
"2024-08-20",Toll Free,314
"2024-12-22",Motory Campaign,275
"2024-12-19",Twitter,2
"2024-11-06",Social Media - Campaign,28
"2024-07-15",Toll Free,165
"2024-05-15",Online Sales,427
"2024-05-22",Mobile Applications-TSS,2
"2024-09-27",Twitter,11
"2024-05-24",Website,94
"2024-05-31",Toyota Offer,125
"2024-05-19",Motory,67
"2024-10-25",Instagram,1
"2024-02-21",Toll Free,166
"2024-03-28",Toyota Offer,2001
"2024-02-03",Twitter,7
"2024-01-22",Motory,133
"2024-07-16",Motory,76
"2024-01-09",Instagram,1
"2024-05-23",Facebook,1
"2024-04-20",Online Sales,394
"2024-09-10",Motory,46
"2024-11-11",Mobile Applications-TSS,1
"2024-08-27",Motory,40
"2024-07-26",Website,82
"2024-10-27",Chatbot,4
"2024-01-23",Twitter,7
"2024-11-16",Motory,45
"2024-09-07",Toll Free,101
"2024-05-22",Chatbot,5
"2024-03-15",Twitter,14
"2024-01-03",Website,76
"2024-09-22",Test Drive,60
"2024-08-29",Online Sales,707
"2024-08-06",Motory,78
"2024-05-31",Motory,48
"2024-01-27",Online Sales,409
"2024-07-11",Test Drive,50
"2024-03-15",Toyota Offer,2
"2024-07-28",Social Media - Campaign,48
"2024-10-19",Website,117
"2024-09-15",Toyota Offer,2
"2024-02-29",Facebook,1
"2024-02-12",Motory,122
"2024-09-19",Events,1
"2024-08-06",Online Sales,311
"2024-10-15",Online Sales,415
"2024-01-12",Toyota Offer,71
"2024-09-27",Social Media - Campaign,122
"2024-11-11",Facebook,1
"2024-07-31",Instagram,1
"2024-10-29",Chatbot,7
"2024-07-18",Chatbot,2
"2024-01-13",Facebook,1
"2024-06-10",Toll Free,134
"2024-12-13",Toll Free,15
"2024-01-23",Toyota Offer,19
"2024-10-12",Instagram,2
"2024-03-19",Website,121
"2024-09-01",Twitter,35
"2024-12-05",Social Media - Campaign,112
"2024-08-26",Motory Campaign,19
"2024-03-01",Website,62
"2024-02-13",Website,116
"2024-01-26",Motory,74
"2024-11-17",Website,131
"2024-04-19",Chatbot,1
"2024-12-11",Twitter,5
"2024-05-28",Toyota Offer,47
"2024-03-08",Social Media - Campaign,20
"2024-01-04",Motory,101
"2024-10-18",Test Drive,38
"2024-05-20",Social Media - Campaign,2
"2024-02-25",Toyota Offer,158
"2024-02-25",Website,107
"2024-07-30",Twitter,12
"2024-05-21",Toyota Offer,38
"2024-12-12",Chatbot,2
"2024-06-09",Toll Free,158
"2024-04-27",Toll Free,152
"2024-08-06",Website,71
"2024-04-16",Website,138
"2024-04-26",Website,84
"2024-06-06",Twitter,11
"2024-05-08",Social Media - Campaign,56
"2024-04-25",Online Sales,331
"2024-04-10",Facebook,1
"2024-05-08",Toyota Offer,40
"2024-04-30",Social Media - Campaign,41
"2024-02-26",HoloLens,1
"2024-12-08",Online Sales,241
"2024-11-24",Motory,69
"2024-03-25",Online Sales,441
"2024-03-20",Website,138
"2024-04-26",Twitter,4
"2024-07-18",Motory,85
"2024-02-12",Online Sales,351
"2024-07-30",Chatbot,4
"2024-06-02",Chatbot,4
"2024-07-25",Toyota Offer,1
"2024-01-13",Social Media - Campaign,1
"2024-01-05",Online Sales,322
"2024-11-20",Test Drive,40
"2024-08-04",Social Media - Campaign,29
"2024-11-12",Mobile Applications-TSS,1
"2024-02-08",Toll Free,131
"2024-12-27",Toyota Offer,2
"2024-03-07",Motory,62
"2024-09-05",Toll Free,129
"2024-07-14",Chatbot,2
"2024-10-22",Instagram,2
"2024-03-17",Website,152
"2024-03-09",Online Sales,396
"2024-02-12",Website,113
"2024-08-10",Toll Free,233
"2024-02-04",Motory,81
"2024-07-11",Twitter,5
"2024-04-21",Chatbot,4
"2024-07-12",Test Drive,46
"2024-12-10",Twitter,8
"2024-07-12",Toyota Offer,2
"2024-03-26",Twitter,17
"2024-05-08",Chatbot,3
"2024-12-05",Website,108
"2024-05-07",Toll Free,161
"2024-01-06",Website,80
"2024-09-24",Toyota Offer,2
"2024-08-12",Website,1
"2024-01-23",Toll Free,113
"2024-03-31",Website,116
"2024-05-23",Online Sales,402
"2024-04-02",Toll Free,113
"2024-11-02",Toll Free,55
"2024-11-03",Social Media - Campaign,346
"2024-04-11",Social Media - Campaign,12
"2024-12-22",Test Drive,48
"2024-05-27",Motory,59
"2024-07-26",Test Drive,41
"2024-05-06",Online Sales,362
"2024-02-19",Toll Free,177
"2024-01-09",Twitter,6
"2024-10-29",Twitter,14
"2024-06-26",Chatbot,3
"2024-05-06",Website,98
"2024-04-08",Motory,60
"2024-02-24",Website,109
"2024-11-11",Events,2
"2024-09-06",Social Media - Campaign,120
"2024-03-29",Twitter,12
"2024-02-22",Online Sales,356
"2024-10-20",Online Sales,385
"2024-06-21",Motory,41
"2024-04-29",Instagram,1
"2024-06-26",Toll Free,145
"2024-04-18",Instagram,2
"2024-09-05",Toyota Offer,25
"2024-07-02",Toll Free,241
"2024-04-24",Online Sales,326
"2024-08-10",Facebook,1
"2024-10-06",Toyota Offer,1
"2024-08-22",Chatbot,5
"2024-11-03",Twitter,5
"2024-11-10",Website,112
"2024-07-15",Website,98
"2024-11-22",Social Media - Campaign,11
"2024-09-04",Chatbot,2
"2024-04-21",Toll Free,201
"2024-08-29",Motory Campaign,23
"2024-11-10",Online Sales,294
"2024-07-31",Twitter,16
"2024-06-23",Online Sales,411
"2024-08-04",Toll Free,173
"2024-08-19",Chatbot,8
"2024-07-13",Twitter,6
"2024-11-13",Toll Free,68
"2024-06-08",Toll Free,208
"2024-06-08",Website,88
"2024-03-28",Toll Free,136
"2024-02-16",Online Sales,346
"2024-06-11",Online Sales,359
"2024-01-06",Twitter,8
"2024-10-18",Twitter,6
"2024-07-31",Test Drive,20
"2024-06-28",Toyota Offer,131
"2024-07-29",Toyota Offer,22
"2024-10-05",Social Media - Campaign,8
"2024-01-27",Toyota Offer,32
"2024-08-27",Chatbot,3
"2024-08-06",Chatbot,4
"2024-01-30",Chatbot,1
"2024-03-26",Toll Free,146
"2024-07-22",Facebook,1
"2024-05-04",Chatbot,1
"2024-11-15",Motory Campaign,1
"2024-01-27",Instagram,2
"2024-07-09",Website,61
"2024-08-21",Chatbot,7
"2024-03-26",Instagram,2
"2024-09-27",Website,153
"2024-10-01",Website,38
"2024-03-28",Chatbot,7
"2024-03-13",Twitter,10
"2024-08-22",Online Sales,1407
"2024-06-02",Social Media - Campaign,8
"2024-05-16",Social Media - Campaign,95
"2024-07-17",Toyota Offer,25
"2024-04-18",Chatbot,4
"2024-08-26",Toyota Offer,1
"2024-07-21",Motory,90
"2024-03-05",Online Sales,337
"2024-04-18",Twitter,13
"2024-11-21",Social Media - Campaign,49
"2024-09-30",Social Media - Campaign,13
"2024-07-31",Toll Free,204
"2024-03-11",Mobile Applications-TSS,1
"2024-03-18",Motory,125
"2024-09-28",Mobile Applications-TSS,3
"2024-08-31",Test Drive,66
"2024-08-27",Facebook,1
"2024-07-20",Motory,72
"2024-06-20",Test Drive,36
"2024-05-06",Mobile Applications-TSS,1
"2024-05-24",Test Drive,54
"2024-05-17",Website,74
"2024-04-02",Chatbot,1
"2024-12-02",Test Drive,30
"2024-08-18",Test Drive,44
"2024-05-07",Online Sales,318
"2024-08-23",Toyota Offer,119
"2024-06-12",Toyota Offer,1
"2024-06-07",Motory,70
"2024-03-22",Online Sales,433
"2024-12-22",Social Media - Campaign,126
"2024-03-21",Instagram,1
"2024-12-20",Test Drive,31
"2024-06-27",Test Drive,43
"2024-04-30",Chatbot,4
"2024-09-21",Website,113
"2024-08-01",Twitter,9
"2024-06-17",Test Drive,35
"2024-10-12",Mobile Applications-TSS,1
"2024-06-16",Website,47
"2024-01-09",Toyota Offer,20
"2024-04-30",Instagram,1
"2024-04-29",Toyota Offer,25
"2024-10-29",Test Drive,58
"2024-05-23",Instagram,3
"2024-03-25",Mobile Applications-TSS,1
"2024-03-15",Chatbot,2
"2024-03-31",Motory,66
"2024-08-10",Online Sales,396
"2024-05-05",Facebook,1
"2024-10-06",Motory,50
"2024-09-23",Test Drive,47
"2024-01-19",Toyota Offer,44
"2024-05-04",Online Sales,429
"2024-02-17",Twitter,3
"2024-04-23",Website,119
"2024-10-23",Chatbot,3
"2024-03-22",Twitter,8
"2024-04-14",Online Sales,341
"2024-06-07",Toll Free,46
"2024-04-15",Events,1
"2024-08-11",Chatbot,5
"2024-10-23",Toyota Offer,164
"2024-10-02",Test Drive,39
"2024-02-02",Online Sales,227
"2024-06-22",Twitter,21
"2024-11-12",Test Drive,50
"2024-07-06",Online Sales,2
"2024-07-07",Social Media - Campaign,86
"2024-02-26",Toll Free,174
"2024-12-23",Test Drive,40
"2024-05-07",Twitter,14
"2024-01-28",Instagram,1
"2024-08-07",Website,96
"2024-07-31",Motory,67
"2024-01-14",Instagram,1
"2024-01-18",Online Sales,315
"2024-09-20",Twitter,14
"2024-06-18",Test Drive,42
"2024-06-03",Social Media - Campaign,4
"2024-06-25",Instagram,1
"2024-03-27",Social Media - Campaign,9
"2024-09-14",Toll Free,101
"2024-09-19",Toyota Offer,17
"2024-10-07",Online Sales,426
"2024-04-30",Online Sales,306
"2024-12-14",Test Drive,46
"2024-04-17",Twitter,6
"2024-05-21",Chatbot,6
"2024-09-25",Toyota Offer,1
"2024-09-30",Toyota Offer,11
"2024-02-20",Toll Free,146
"2024-11-08",Twitter,4
"2024-04-17",Online Sales,358
"2024-08-29",Test Drive,34
"2024-06-21",Twitter,12
"2024-07-14",Instagram,1
"2024-02-18",Toyota Offer,22
"2024-12-19",Motory,43
"2024-01-18",Chatbot,4
"2024-07-09",Chatbot,3
"2024-01-19",Twitter,3
"2024-05-15",Toyota Offer,1352
"2024-09-03",Toyota Offer,71
"2024-10-10",Motory Campaign,2
"2024-09-29",Toyota Offer,21
"2024-09-18",Social Media - Campaign,59
"2024-01-07",Twitter,13
"2024-09-20",Toll Free,22
"2024-05-09",Online Sales,282
"2024-07-13",Instagram,1
"2024-08-26",Mobile Applications-TSS,2
"2024-06-22",Website,96
"2024-10-15",Chatbot,4
"2024-05-02",Social Media - Campaign,44
"2024-07-14",Twitter,10
"2024-04-24",Events,7
"2024-10-27",Toll Free,88
"2024-06-17",Website,75
"2024-08-09",Online Sales,293
"2024-07-09",Instagram,1
"2024-05-07",Social Media - Campaign,77
"2024-11-12",Online Sales,348
"2024-06-12",Toll Free,103
"2024-01-19",Online Sales,298
"2024-10-05",Mobile Applications-TSS,1
"2024-10-02",Social Media - Campaign,66
"2024-06-09",Motory,53
"2024-05-14",Toll Free,117
"2024-05-02",Instagram,1
"2024-09-26",Website,154
"2024-03-30",Mobile Applications-TSS,1
"2024-08-25",Toyota Offer,1
"2024-06-12",Twitter,16
"2024-06-19",Facebook,1
"2024-10-23",Facebook,1
"2024-08-27",Social Media - Campaign,1
"2024-11-21",Test Drive,41
"2024-07-04",Test Drive,62
"2024-09-17",Online Sales,408
"2024-09-01",Facebook,1
"2024-05-22",Website,120
"2024-05-09",Toll Free,140
"2024-08-04",Website,45
"2024-05-27",Online Sales,446
"2024-01-29",Chatbot,2
"2024-06-11",Motory,80
"2024-01-24",Twitter,8
"2024-01-06",Motory,67
"2024-06-02",Online Sales,381
"2024-09-19",Chatbot,6
"2024-06-01",Twitter,5
"2024-04-30",Twitter,5
"2024-02-03",Online Sales,356
"2024-03-02",Website,105
"2024-02-10",Online Sales,347
"2024-06-30",Toll Free,144
"2024-02-27",Chatbot,1
"2024-03-07",Toll Free,142
"2024-01-25",Website,75
"2024-11-18",Test Drive,48
"2024-08-30",Test Drive,55
"2024-07-17",Test Drive,34
"2024-09-17",Chatbot,5
"2024-03-26",Events,3
"2024-01-27",Events,1
"2024-03-07",Chatbot,1
"2024-10-06",Online Sales,389
"2024-06-22",Online Sales,410
"2024-09-04",Website,162
"2024-05-28",Chatbot,4
"2024-03-15",Events,1
"2024-07-20",Social Media - Campaign,80
"2024-06-11",Mobile Applications-TSS,1
"2024-08-10",Chatbot,2
"2024-07-22",Chatbot,1
"2024-07-30",Online Sales,393
"2024-12-24",Twitter,7
"2024-04-19",Motory,94
"2024-07-03",Events,1
"2024-06-20",Social Media - Campaign,6
"2024-02-29",Chatbot,2
"2024-02-08",Twitter,8
"2024-09-16",Online Sales,86
"2024-07-05",Social Media - Campaign,91
"2024-04-13",Motory,39
"2024-02-04",Facebook,1
"2024-05-27",Test Drive,51
"2024-09-13",Chatbot,3
"2024-06-16",Twitter,8
"2024-05-12",Motory,63
"2024-09-28",Website,130
"2024-03-14",Events,1
"2024-03-18",Twitter,10
"2024-05-23",Test Drive,47
"2024-01-23",Website,128
"2024-05-17",Chatbot,6
"2024-05-31",Test Drive,39
"2024-04-28",Website,135
"2024-05-07",Toyota Offer,20
"2024-01-01",Twitter,6
"2024-08-17",Mobile Applications-TSS,1
"2024-10-16",Online Sales,366
"2024-04-17",Instagram,1
"2024-09-06",Twitter,13
"2024-02-06",Website,103
"2024-03-04",Instagram,1
"2024-07-03",Twitter,19
"2024-01-04",Chatbot,1
"2024-07-14",Website,102
"2024-03-27",Chatbot,15
"2024-04-17",Toll Free,205
"2024-10-20",Motory,42
"2024-12-06",Toyota Offer,4
"2024-06-14",Instagram,1
"2024-04-29",Chatbot,2
"2024-08-05",Website,81
"2024-12-30",Twitter,11
"2024-07-16",Online Sales,351
"2024-06-18",Toll Free,2
"2024-04-07",Instagram,1
"2024-08-19",Test Drive,53
"2024-05-29",Mobile Applications-TSS,1
"2024-07-04",Facebook,1
"2024-11-02",Social Media - Campaign,353
"2024-06-22",Motory Campaign,1
"2024-11-24",Twitter,9
"2024-04-24",Toll Free,158
"2024-05-16",Twitter,26
"2024-03-02",Toll Free,149
"2024-05-05",Events,2
"2024-11-03",Chatbot,4
"2024-06-21",Toyota Offer,74
"2024-07-23",Toll Free,225
"2024-06-03",Mobile Applications-TSS,2
"2024-08-28",Twitter,24
"2024-04-22",Twitter,11
"2024-10-20",Chatbot,4
"2024-11-17",Twitter,9
"2024-05-08",Online Sales,354
"2024-03-20",Events,1
"2024-12-27",Social Media - Campaign,160
"2024-11-03",Website,103
"2024-10-13",Instagram,1
"2024-09-04",Twitter,17
"2024-10-27",Twitter,12
"2024-05-18",Motory,54
"2024-07-07",Website,55
"2024-03-02",Instagram,1
"2024-04-01",Website,97
"2024-11-08",Website,60
"2024-12-13",Toyota Offer,4
"2024-11-27",Motory Campaign,36
"2024-09-21",Online Sales,429
"2024-09-03",Motory Campaign,1
"2024-09-07",Chatbot,3
"2024-07-17",Toll Free,156
"2024-02-14",Toyota Offer,33
"2024-02-03",Instagram,1
"2024-07-13",Facebook,1
"2024-03-24",Online Sales,444
"2024-09-09",Motory Campaign,1
"2024-04-26",Events,2
"2024-11-01",Chatbot,1
"2024-06-24",Mobile Applications-TSS,1
"2024-06-29",Website,77
"2024-04-18",Toll Free,181
"2024-10-02",Toll Free,102
"2024-08-25",Motory Campaign,25
"2024-03-01",Motory,98
"2024-04-29",Events,5
"2024-12-10",Motory Campaign,97
"2024-09-14",Chatbot,3
"2024-10-30",Instagram,1
"2024-09-01",Test Drive,59
"2024-06-11",Twitter,22
"2024-06-13",Online Sales,343
"2024-07-17",Instagram,2
"2024-05-20",Facebook,1
"2024-10-18",Chatbot,3
"2024-12-24",Motory,39
"2024-12-28",Motory,38
"2024-06-01",Motory,67
"2024-11-20",Online Sales,311
"2024-10-21",Test Drive,36
"2024-10-20",Social Media - Campaign,1
"2024-01-11",Website,81
"2024-05-09",Website,65
"2024-02-20",Twitter,5
"2024-02-28",Motory,99
"2024-03-22",Motory,109
"2024-10-30",Toll Free,78
"2024-02-23",Twitter,4
"2024-06-14",Online Sales,256
"2024-05-31",Mobile Applications-TSS,1
"2024-11-17",Test Drive,60
"2024-05-28",Instagram,1
"2024-05-01",Mobile Applications-TSS,1
"2024-03-03",Website,101
"2024-06-10",Toyota Offer,169
"2024-09-16",Toyota Offer,112
"2024-02-06",Toll Free,139
"2024-08-01",Social Media - Campaign,48
"2024-06-19",Online Sales,363
"2024-10-18",Toll Free,25
"2024-09-25",Twitter,18
"2024-08-30",Twitter,19
"2024-10-29",Online Sales,349
"2024-07-27",Toll Free,141
"2024-09-26",Events,1
"2024-03-19",Toyota Offer,28
"2024-02-16",Motory,114
"2024-10-29",Motory Campaign,12
"2024-09-15",Instagram,2
"2024-07-21",Online Sales,431
"2024-05-11",Twitter,7
"2024-07-06",Website,40
"2024-03-14",Mobile Applications-TSS,2
"2024-11-26",Motory,51
"2024-03-03",Toll Free,200
"2024-08-24",Social Media - Campaign,14
"2024-10-27",Test Drive,51
"2024-06-16",Toyota Offer,1
"2024-07-23",Social Media - Campaign,37
"2024-06-04",Toyota Offer,1
"2024-11-07",Toll Free,66
"2024-10-11",Motory,41
"2024-02-07",Facebook,2
"2024-11-30",Twitter,2
"2024-09-15",Toll Free,162
"2024-09-11",Instagram,3
"2024-02-10",Toyota Offer,22
"2024-01-21",Chatbot,4
"2024-05-11",Online Sales,395
"2024-03-23",Social Media - Campaign,19
"2024-02-01",Website,70
"2024-12-24",Website,115
"2024-08-21",Events,1
"2024-09-21",Toll Free,83
"2024-06-27",Website,78
"2024-02-20",Facebook,1
"2024-09-01",Toll Free,186
"2024-12-07",Chatbot,1
"2024-08-18",Motory Campaign,26
"2024-04-16",Social Media - Campaign,82
"2024-01-16",Toyota Offer,43
"2024-09-09",Website,186
"2024-05-29",Chatbot,2
"2024-03-06",Social Media - Campaign,82
"2024-07-16",Toyota Offer,3
"2024-12-01",Twitter,6
"2024-08-31",Online Sales,528
"2024-03-22",Social Media - Campaign,24
"2024-06-29",Social Media - Campaign,16
"2024-01-04",Motory Campaign,11
"2024-10-14",Online Sales,312
"2024-07-12",Online Sales,346
"2024-03-17",Chatbot,2
"2024-02-19",Online Sales,383
"2024-02-07",Toyota Offer,35
"2024-05-25",Facebook,1
"2024-02-21",Motory,110
"2024-01-18",Motory,88
"2024-05-08",Toll Free,130
"2024-10-28",Motory,53
"2024-07-25",Test Drive,37
"2024-04-25",Website,91
"2024-10-25",Toyota Offer,388
"2024-06-23",Twitter,26
"2024-05-15",Social Media - Campaign,64
"2024-02-10",Twitter,8
"2024-10-21",Motory,64
"2024-09-10",Instagram,1
"2024-09-29",Chatbot,7
"2024-06-08",Toyota Offer,4
"2024-04-01",Chatbot,3
"2024-05-10",Online Sales,17
"2024-04-24",Toyota Offer,24
"2024-02-05",Website,111
"2024-09-02",Chatbot,6
"2024-06-29",Motory,69
"2024-01-10",Toyota Offer,41
"2024-04-22",Online Sales,402
"2024-12-31",Social Media - Campaign,94
"2024-08-15",Chatbot,3
"2024-11-04",Toll Free,75
"2024-10-21",Chatbot,5
"2024-01-25",Twitter,2
"2024-08-14",Online Sales,995
"2024-08-07",Toll Free,191
"2024-06-27",Mobile Applications-TSS,2
"2024-09-19",Test Drive,56
"2024-06-21",Social Media - Campaign,19
"2024-10-20",Instagram,1
"2024-08-05",Events,1
"2024-02-20",Website,123
"2024-04-17",Social Media - Campaign,15
"2024-11-04",Twitter,1
"2024-01-17",Online Sales,329
"2024-03-23",Chatbot,4
"2024-11-29",Social Media - Campaign,14
"2024-06-12",Test Drive,47
"2024-10-09",Online Sales,393
"2024-07-12",Twitter,6
"2024-10-23",Instagram,2
"2024-10-10",Toyota Offer,3
"2024-04-17",Facebook,1
"2024-04-29",Online Sales,373
"2024-06-03",Test Drive,40
"2024-06-27",Twitter,12
"2024-01-16",Motory,110
"2024-09-28",Motory,61
"2024-03-30",Toll Free,94
"2024-11-13",Test Drive,32
"2024-10-01",Twitter,7
"2024-06-04",Motory,59
"2024-07-28",Online Sales,380
"2024-12-10",Toyota Offer,1
"2024-08-08",Website,103
"2024-02-27",Toyota Offer,336
"2024-12-16",Motory Campaign,99
"2024-03-28",Twitter,16
"2024-07-15",Motory,91
"2024-04-02",Website,108
"2024-02-17",Chatbot,2
"2024-11-27",Motory,43
"2024-10-23",Test Drive,44
"2024-09-24",Test Drive,56
"2024-07-23",Events,1
"2024-11-25",Chatbot,3
"2024-06-29",Online Sales,308
"2024-04-25",Social Media - Campaign,93
"2024-04-15",Instagram,2
"2024-06-20",Toll Free,1
"2024-10-30",Events,1
"2024-09-11",Online Sales,557
"2024-10-05",Chatbot,2
"2024-09-09",Toyota Offer,2
"2024-11-02",Online Sales,319
"2024-07-29",Motory,189
"2024-10-08",Toll Free,83
"2024-11-08",Toll Free,18
"2024-10-29",Instagram,1
"2024-10-04",Mobile Applications-TSS,1
"2024-11-10",Events,1
"2024-02-09",Facebook,1
"2024-08-07",Twitter,26
"2024-04-11",Motory,36
"2024-07-23",Motory,113
"2024-02-07",Toll Free,153
"2024-03-15",Website,149
"2024-02-26",Twitter,9
"2024-03-05",Facebook,1
"2024-02-04",Website,88
"2024-08-14",Test Drive,64
"2024-02-10",Mobile Applications-TSS,2
"2024-09-02",Twitter,13
"2024-09-11",Chatbot,3
"2024-12-11",Chatbot,1
"2024-04-08",Chatbot,2
"2024-07-27",Motory,76
"2024-04-17",Website,124
"2024-12-07",Toyota Offer,1
"2024-08-31",Motory,47
"2024-11-26",Toyota Offer,1
"2024-09-22",Motory,49
"2024-07-11",Online Sales,415
"2024-06-23",Toyota Offer,2
"2024-08-25",Yalla Motor,35
"2024-06-15",Twitter,5
"2024-05-25",Events,1
"2024-12-30",Chatbot,3
"2024-02-26",Motory,103
"2024-08-01",Toll Free,136
"2024-09-29",Motory Campaign,259
"2024-05-10",Website,5
"2024-02-09",Social Media - Campaign,2
"2024-02-02",Motory,58
"2024-09-24",Motory,59
"2024-10-09",Chatbot,7
"2024-12-05",Test Drive,39
"2024-08-07",Instagram,1
"2024-06-08",Test Drive,39
"2024-03-18",Online Sales,540
"2024-08-07",Social Media - Campaign,3
"2024-09-23",Chatbot,8
"2024-10-29",Toll Free,84
"2024-09-05",Instagram,2
"2024-02-28",Website,89
"2024-07-23",Chatbot,5
"2024-03-01",Twitter,7
"2024-07-09",Toll Free,163
"2024-12-07",Motory,45
"2024-10-09",Test Drive,52
"2024-05-06",Events,1
"2024-06-04",Social Media - Campaign,1
"2024-02-17",Online Sales,397
"2024-12-21",Social Media - Campaign,197
"2024-07-08",Motory,82
"2024-01-28",Website,102
"2024-09-11",Mobile Applications-TSS,2
"2024-12-25",Online Sales,162
"2024-07-30",Instagram,4
"2024-11-14",Twitter,6
"2024-06-16",Motory,22
"2024-05-16",Toyota Offer,696
"2024-01-26",Chatbot,4
"2024-05-18",Instagram,3
"2024-12-07",Online Sales,204
"2024-12-31",Online Sales,116
"2024-07-01",Online Sales,773
"2024-12-07",Toll Free,54
"2024-11-02",Website,108
"2024-08-01",Motory,87
"2024-07-30",Website,88
"2024-11-22",Test Drive,20
"2024-08-23",Toll Free,68
"2024-11-26",Website,111
"2024-10-23",Motory Campaign,12
"2024-09-26",Online Sales,434
"2024-01-22",Website,111
"2024-05-19",Online Sales,480
"2024-08-08",Test Drive,51
"2024-11-08",Test Drive,19
"2024-08-20",Test Drive,42
"2024-09-01",Chatbot,2
"2024-12-05",Motory,27
"2024-07-11",Chatbot,3
"2024-06-12",Motory,44
"2024-08-10",Instagram,1
"2024-07-10",Chatbot,2
"2024-02-23",Toyota Offer,111
"2024-02-15",Motory,85
"2024-05-03",Twitter,16
"2024-09-26",Instagram,1
"2024-04-25",Motory,73
"2024-11-29",Motory Campaign,35
"2024-02-11",Online Sales,332
"2024-10-06",Test Drive,58
"2024-06-09",Website,71
"2024-12-03",Online Sales,182
"2024-03-26",Online Sales,456
"2024-12-26",Chatbot,1
"2024-10-27",Online Sales,402
"2024-06-11",Toll Free,101
"2024-08-15",Twitter,22
"2024-11-11",Toyota Offer,200
"2024-03-21",Mobile Applications-TSS,1
"2024-12-27",Online Sales,150
"2024-09-26",Motory,61
"2024-08-20",Instagram,1
"2024-12-15",Social Media - Campaign,25
"2024-03-25",Chatbot,2
"2024-11-23",Facebook,1
"2024-01-30",Instagram,5
"2024-12-15",Twitter,5
"2024-11-12",Toll Free,70
"2024-03-13",Events,1
"2024-03-05",Motory,82
"2024-08-04",Twitter,12
"2024-09-17",Mobile Applications-TSS,1
"2024-12-25",Motory,34
"2024-07-12",Toll Free,41
"2024-12-01",Toll Free,79
"2024-10-03",Toll Free,88
"2024-07-26",Twitter,18
"2024-03-25",Toll Free,122
"2024-11-16",Website,112
"2024-03-06",Website,134
"2024-12-03",Twitter,7
"2024-05-31",Twitter,16
"2024-01-23",Chatbot,5
"2024-12-13",Test Drive,29
"2024-01-21",Toyota Offer,41
"2024-03-24",Motory,107
"2024-10-23",Motory,59
"2024-01-17",Toll Free,144
"2024-07-30",Toyota Offer,32
"2024-07-27",Motory Campaign,1
"2024-10-11",Test Drive,40
"2024-01-30",Social Media - Campaign,1
"2024-01-17",Instagram,1
"2024-11-19",Test Drive,47
"2024-06-10",Online Sales,361
"2024-01-24",Website,103
"2024-11-09",Chatbot,3
"2024-07-24",Instagram,1
"2024-10-22",Social Media - Campaign,5
"2024-10-07",Test Drive,45
"2024-11-05",Online Sales,295
"2024-03-03",Motory,89
"2024-11-03",Test Drive,40
"2024-10-29",Toyota Offer,333
"2024-07-07",Mobile Applications-TSS,1
"2024-05-29",Online Sales,437
"2024-06-16",Test Drive,25
"2024-10-01",Test Drive,10
"2024-04-29",Social Media - Campaign,3
"2024-07-17",Facebook,1
"2024-05-01",Social Media - Campaign,1
"2024-03-14",Twitter,15
"2024-10-14",Test Drive,38
"2024-08-04",Instagram,1
"2024-07-27",Website,102
"2024-05-17",Toyota Offer,120
"2024-11-19",Toll Free,79
"2024-07-31",Social Media - Campaign,68
"2024-12-27",Toll Free,5
"2024-07-26",Social Media - Campaign,1
"2024-03-04",Online Sales,357
"2024-08-22",Toll Free,329
"2024-12-25",Chatbot,2
"2024-06-08",Online Sales,356
"2024-10-17",Toyota Offer,130
"2024-01-08",Chatbot,3
"2024-03-03",Twitter,15
"2024-12-19",Toll Free,78
"2024-09-15",Twitter,22
"2024-07-07",Events,2
"2024-12-02",Twitter,4
"2024-08-08",Instagram,1
"2024-12-28",Twitter,4
"2024-05-28",Toll Free,221
"2024-09-14",Website,89
"2024-09-09",Mobile Applications-TSS,1
"2024-02-12",Toll Free,153
"2024-09-13",Instagram,1
"2024-01-11",Chatbot,5
"2024-10-11",Toyota Offer,2
"2024-02-23",Mobile Applications-TSS,1
"2024-04-25",Instagram,3
"2024-02-22",Mobile Applications-TSS,2
"2024-05-18",Toyota Offer,397
"2024-12-18",Test Drive,42
"2024-11-02",Toyota Offer,8
"2024-03-29",Toyota Offer,1838
"2024-11-17",Motory,46
"2024-01-04",Website,74
"2024-05-18",Website,103
"2024-12-06",Website,83
"2024-10-19",Motory,54
"2024-03-16",Twitter,14
"2024-06-16",Online Sales,228
"2024-06-04",Mobile Applications-TSS,1
"2024-05-19",Chatbot,8
"2024-12-15",Online Sales,255
"2024-11-14",Motory Campaign,64
"2024-01-31",Online Sales,311
"2024-03-14",Online Sales,445
"2024-01-18",Toyota Offer,35
"2024-01-26",Social Media - Campaign,14
"2024-08-27",Test Drive,29
"2024-08-10",Test Drive,48
"2024-05-28",Online Sales,442
"2024-11-08",Social Media - Campaign,74
"2024-07-29",Toll Free,205
"2024-12-12",Test Drive,31
"2024-05-29",Twitter,16
"2024-05-20",Online Sales,498
"2024-04-27",Online Sales,365
"2024-05-31",Events,1
"2024-01-07",Instagram,2
"2024-08-13",Chatbot,1
"2024-01-17",Motory,94
"2024-09-03",Twitter,17
"2024-02-05",Online Sales,388
"2024-06-25",Chatbot,3
"2024-07-02",Chatbot,1
"2024-08-27",Online Sales,897
"2024-12-01",Online Sales,191
"2024-08-24",Toll Free,302
"2024-05-21",Website,116
"2024-06-05",Motory,73
"2024-11-29",Twitter,4
"2024-09-11",Toyota Offer,90
"2024-08-26",Twitter,18
"2024-01-24",Social Media - Campaign,3
"2024-11-19",Online Sales,335
"2024-09-18",Website,202
"2024-06-19",Website,98
"2024-02-13",Chatbot,1
"2024-09-04",Toyota Offer,147
"2024-02-23",Chatbot,2
"2024-12-19",Test Drive,41
"2024-02-07",Website,74
"2024-09-09",Test Drive,62
"2024-08-17",Test Drive,39
"2024-08-15",Motory,78
"2024-03-13",Online Sales,401
"2024-04-18",Online Sales,367
"2024-11-13",Online Sales,295
"2024-03-24",Toyota Offer,62
"2024-03-20",Chatbot,2
"2024-08-14",Toll Free,167
"2024-10-19",Events,1
"2024-12-31",Toyota Offer,1
"2024-10-17",Twitter,8
"2024-10-22",Toll Free,100
"2024-08-05",Twitter,16
"2024-11-03",Motory Campaign,1
"2024-09-19",Twitter,17
"2024-12-28",Online Sales,154
"2024-11-03",Motory,55
"2024-07-21",Chatbot,1
"2024-03-16",Instagram,2
"2024-10-28",Instagram,2
"2024-09-26",Motory Campaign,1
"2024-10-12",Motory,34
"2024-06-25",Toll Free,188
"2024-12-04",Toll Free,66
"2024-04-23",Motory,89
"2024-05-25",Online Sales,458
"2024-06-26",Social Media - Campaign,20
"2024-12-14",Twitter,5
"2024-08-21",Yalla Motor,24
"2024-09-30",Toll Free,116
"2024-07-25",Chatbot,3
"2024-05-11",Chatbot,4
"2024-11-08",Chatbot,5
"2024-09-05",Chatbot,3
"2024-04-20",Events,4
"2024-01-13",Chatbot,1
"2024-11-02",Events,1
"2024-07-25",Motory,101
"2024-09-03",Online Sales,423
"2024-11-24",Motory Campaign,180
"2024-07-02",Online Sales,793
"2024-02-15",Website,96
"2024-04-07",Motory,69
"2024-12-13",Social Media - Campaign,144
"2024-03-14",Social Media - Campaign,80
"2024-01-01",Toll Free,165
"2024-06-26",Motory,75
"2024-04-15",Website,150
"2024-01-10",Instagram,1
"2024-09-06",Test Drive,49
"2024-04-03",Chatbot,5
"2024-06-26",Twitter,14
"2024-07-28",Instagram,2
"2024-04-22",Toll Free,196
"2024-05-01",Twitter,1
"2024-11-23",Twitter,9
"2024-09-07",Social Media - Campaign,39
"2024-08-09",Website,73
"2024-07-07",Instagram,1
"2024-10-19",Test Drive,59
"2024-03-05",Chatbot,1
"2024-10-23",Social Media - Campaign,18
"2024-01-03",Social Media - Campaign,79
"2024-07-18",Website,67
"2024-12-06",Test Drive,29
"2024-05-03",Facebook,3
"2024-06-20",Instagram,1
"2024-06-03",Toll Free,141
"2024-06-23",Toll Free,255
"2024-05-24",Social Media - Campaign,1
"2024-09-01",Motory,66
"2024-11-30",Online Sales,260
"2024-04-10",Twitter,3
"2024-07-27",Toyota Offer,20
"2024-02-21",Chatbot,1
"2024-07-21",Instagram,1
"2024-09-18",Twitter,17
"2024-12-22",Motory,35
"2024-05-22",Toll Free,198
"2024-07-11",Website,84
"2024-01-03",Online Sales,353
"2024-07-28",Chatbot,6
"2024-08-15",Website,1
"2024-07-20",Twitter,9
"2024-01-20",Toll Free,99
"2024-05-14",Twitter,15
"2024-05-12",Chatbot,5
"2024-06-29",Toll Free,135
"2024-09-10",Toll Free,136
"2024-10-30",Motory,42
"2024-01-24",Toll Free,143
"2024-07-27",Twitter,17
"2024-02-24",Online Sales,375
"2024-04-16",Online Sales,376
"2024-11-22",Chatbot,1
"2024-06-30",Toyota Offer,9
"2024-04-15",Chatbot,4
"2024-01-13",Twitter,5
"2024-07-01",Instagram,6
"2024-03-22",Chatbot,1
"2024-04-28",Motory,74
"2024-05-15",Test Drive,56
"2024-08-07",Motory,89
"2024-12-31",Motory,17
"2024-07-28",Motory,98
"2024-05-05",Chatbot,4
"2024-10-11",Mobile Applications-TSS,1
"2024-11-09",Website,108
"2024-10-09",Toll Free,67
"2024-11-18",Online Sales,346
"2024-08-10",Mobile Applications-TSS,2
"2024-10-21",Motory Campaign,61
"2024-03-25",Toyota Offer,74
"2024-04-18",Events,3
"2024-01-21",Website,92
"2024-02-28",Toll Free,183
"2024-10-16",Motory,50
"2024-02-06",Chatbot,2
"2024-04-23",Toll Free,164
"2024-06-08",Chatbot,8
"2024-03-14",Chatbot,1
"2024-10-11",Social Media - Campaign,200
"2024-01-02",Mobile Applications-TSS,1
"2024-05-11",Toll Free,135
"2024-08-07",Mobile Applications-TSS,1
"2024-12-14",Online Sales,200
"2024-01-01",Motory,70
"2024-04-10",Motory,24
"2024-07-22",Toyota Offer,46
"2024-08-29",Social Media - Campaign,118
"2024-11-23",Motory,49
"2024-09-08",Online Sales,496
"2024-06-28",Toll Free,27
"2024-01-26",Toll Free,17
"2024-08-15",Test Drive,44
"2024-02-22",Toyota Offer,146
"2024-02-08",Website,81
"2024-06-03",Toyota Offer,1
"2024-03-27",Motory,81
"2024-02-23",Toll Free,27
"2024-09-18",Test Drive,56
"2024-10-16",Website,147
"2024-04-18",Toyota Offer,1
"2024-03-25",Website,124
"2024-12-11",Test Drive,35
"2024-02-24",Motory,60
"2024-12-30",Online Sales,265
"2024-11-29",Motory,42
"2024-01-28",Chatbot,1
"2024-09-30",Motory,57
"2024-03-20",Social Media - Campaign,28
"2024-11-13",Motory,26
"2024-09-08",Twitter,17
"2024-04-27",Chatbot,3
"2024-08-19",Toll Free,308
"2024-10-08",Website,184
"2024-07-08",Test Drive,37
"2024-09-11",Test Drive,62
"2024-08-11",Website,111
"2024-10-23",Website,116
"2024-11-16",Twitter,11
"2024-09-24",Events,1
"2024-05-06",Toll Free,120
"2024-06-14",Events,1
"2024-07-23",Online Sales,433
"2024-03-15",Motory,114
"2024-12-07",Social Media - Campaign,36
"2024-02-01",Twitter,2
"2024-09-27",Toyota Offer,119
"2024-08-29",Instagram,1
"2024-11-03",Toll Free,65
"2024-10-24",Chatbot,1
"2024-03-09",Social Media - Campaign,6
"2024-07-26",Toyota Offer,1
"2024-12-12",Online Sales,182
"2024-01-25",Toll Free,148
"2024-08-28",Events,1
"2024-04-18",Motory,81
"2024-04-05",Motory,71
"2024-09-10",Chatbot,4
"2024-06-10",Motory,58
"2024-10-20",Toyota Offer,54
"2024-10-06",Website,141
"2024-10-16",Motory Campaign,10
"2024-11-07",Website,90
"2024-01-15",Mobile Applications-TSS,1
"2024-03-06",Twitter,7
"2024-09-17",Test Drive,53
"2024-11-05",Motory,49
"2024-07-21",Test Drive,53
"2024-03-18",Chatbot,2
"2024-03-18",Toll Free,114
"2024-10-28",Test Drive,38
"2024-04-30",Facebook,1
"2024-08-02",Motory,79
"2024-12-09",Toyota Offer,2
"2024-08-25",Motory,41
"2024-02-29",Online Sales,248
"2024-11-25",Twitter,6
"2024-06-10",Test Drive,43
"2024-01-22",Online Sales,391
"2024-02-04",Online Sales,372
"2024-01-12",Instagram,1
"2024-10-19",Online Sales,398
"2024-08-05",Toll Free,158
"2024-11-27",Instagram,1
"2024-11-07",Mobile Applications-TSS,1
"2024-12-16",Online Sales,212
"2024-04-21",Social Media - Campaign,50
"2024-12-16",Motory,41
"2024-12-08",Chatbot,1
"2024-02-01",Online Sales,277
"2024-11-07",Motory Campaign,52
"2024-03-31",Social Media - Campaign,91
"2024-02-17",Toll Free,108
"2024-12-21",Online Sales,235
"2024-09-18",Online Sales,508
"2024-09-08",Test Drive,66
"2024-08-18",Twitter,82
"2024-07-03",Online Sales,629
"2024-09-15",Motory,54
"2024-08-12",Motory,69
"2024-07-19",Website,74
"2024-06-17",Online Sales,257
"2024-12-27",Motory,36
"2024-01-02",Twitter,6
"2024-08-24",Twitter,31
"2024-12-03",Toll Free,55
"2024-08-30",Yalla Motor,69
"2024-02-09",Twitter,6
"2024-10-21",Online Sales,274
"2024-10-04",Chatbot,4
"2024-11-11",Twitter,9
"2024-07-25",Facebook,1
"2024-12-23",Website,125
"2024-01-12",Toll Free,30
"2024-09-19",Online Sales,471
"2024-12-14",Toll Free,45
"2024-02-05",Motory,114
"2024-11-29",Online Sales,220
"2024-10-30",Online Sales,329
"2024-06-03",Website,80
"2024-10-24",Social Media - Campaign,10
"2024-02-28",Mobile Applications-TSS,2
"2024-08-16",Test Drive,39
"2024-08-13",Online Sales,5
"2024-04-22",Toyota Offer,13
"2024-02-18",Twitter,8
"2024-04-27",Twitter,13
"2024-01-02",Motory,87
"2024-12-24",Motory Campaign,85
"2024-10-24",Website,120
"2024-05-25",Toyota Offer,21
"2024-09-07",Motory,47
"2024-09-29",Social Media - Campaign,37
"2024-11-07",Online Sales,244
"2024-10-20",Twitter,4
"2024-05-20",Website,126
"2024-11-29",Test Drive,27
"2024-10-24",Toyota Offer,5
"2024-01-12",Online Sales,319
"2024-01-14",Website,100
"2024-07-16",Chatbot,4
"2024-07-08",Twitter,18
"2024-11-12",Motory,46
"2024-07-30",Test Drive,41
"2024-04-26",Social Media - Campaign,149
"2024-04-14",Chatbot,2
"2024-06-14",Motory,29
"2024-10-18",Toyota Offer,465
"2024-06-27",Online Sales,339
"2024-06-29",Instagram,1
"2024-11-10",Motory,36
"2024-10-25",Online Sales,303
"2024-01-18",Social Media - Campaign,10
"2024-05-24",Facebook,1
"2024-04-30",Toyota Offer,28
"2024-03-05",Mobile Applications-TSS,1
"2024-02-20",Online Sales,350
"2024-12-29",Online Sales,204
"2024-03-04",Toll Free,190
"2024-05-01",Events,2
"2024-12-09",Online Sales,230
"2024-03-11",Instagram,1
"2024-10-03",Chatbot,5
"2024-05-28",Twitter,23
"2024-04-01",Toyota Offer,38
"2024-03-10",Toll Free,160
"2024-04-15",Twitter,6
"2024-10-31",Twitter,12
"2024-09-23",Online Sales,370
"2024-07-09",Mobile Applications-TSS,1
"2024-02-19",Website,100
"2024-08-13",Motory Campaign,30
"2024-04-23",Instagram,2
"2024-05-17",Social Media - Campaign,120
"2024-11-16",Toll Free,80
"2024-03-03",Online Sales,380
"2024-10-05",Website,118
"2024-01-12",Mobile Applications-TSS,1
"2024-09-27",Online Sales,422
"2024-05-03",Online Sales,349
"2024-03-19",Events,2
"2024-02-11",Instagram,1
"2024-01-06",Toll Free,124
"2024-07-26",Motory,56
"2024-07-24",Online Sales,360
"2024-01-05",Instagram,1
"2024-09-29",Test Drive,53
"2024-06-20",Website,87
"2024-05-16",Toll Free,181
"2024-02-15",Social Media - Campaign,72
"2024-08-25",Test Drive,45
"2024-01-17",Mobile Applications-TSS,1
"2024-01-09",Website,71
"2024-07-13",Toyota Offer,5
"2024-03-30",Motory,94
"2024-05-05",Toll Free,165
"2024-11-17",Online Sales,347
"2024-05-10",Motory,69
"2024-12-17",Toyota Offer,1
"2024-07-30",Motory,73
"2024-01-01",Social Media - Campaign,6
"2024-12-27",Website,107
"2024-05-04",Social Media - Campaign,208
"2024-03-27",Toyota Offer,2447
"2024-06-13",Toll Free,84
"2024-01-05",Toll Free,22
"2024-01-27",Website,82
"2024-08-08",Toyota Offer,1
"2024-02-13",Events,2
"2024-01-19",Toll Free,19
"2024-08-16",Twitter,168
"2024-03-28",Online Sales,488
"2024-09-25",Mobile Applications-TSS,1
"2024-08-31",Chatbot,1
"2024-06-24",Toyota Offer,222
"2024-09-29",Instagram,1
"2024-10-03",Online Sales,326
"2024-12-18",Toyota Offer,3
"2024-01-27",Toll Free,72
"2024-06-15",Test Drive,30
"2024-06-24",Online Sales,417
"2024-05-01",Motory,73
"2024-04-27",Toyota Offer,22
"2024-11-25",Toll Free,61
"2024-12-20",Toyota Offer,5
"2024-11-09",Twitter,6
"2024-08-27",Twitter,25
"2024-11-10",Twitter,14
"2024-12-15",Test Drive,36
"2024-11-21",Toyota Offer,73
"2024-07-13",Online Sales,368
"2024-06-14",Toyota Offer,2
"2024-10-12",Test Drive,63
"2024-07-14",Test Drive,46
"2024-07-05",Chatbot,1
"2024-02-11",HoloLens,1
"2024-08-13",Social Media - Campaign,42
"2024-07-05",Toyota Offer,1
"2024-02-25",Toll Free,157
"2024-03-01",Instagram,1
"2024-04-05",Twitter,7
"2024-08-18",Online Sales,1767
"2024-04-03",Twitter,13
"2024-05-18",Chatbot,4
"2024-09-09",Instagram,1
"2024-03-09",Chatbot,1
"2024-09-11",Motory,43
"2024-08-02",Toll Free,62
"2024-08-12",Motory Campaign,32
"2024-11-30",Test Drive,27
"2024-05-20",Motory,53
"2024-12-10",Online Sales,189
"2024-10-15",Test Drive,54
"2024-02-12",Toyota Offer,19
"2024-08-17",Online Sales,1960
"2024-06-23",Social Media - Campaign,1
"2024-01-14",Chatbot,4
"2024-09-21",Test Drive,59
"2024-05-05",Online Sales,371
"2024-02-16",Toll Free,18
"2024-04-22",Instagram,2
"2024-06-12",Chatbot,5
"2024-12-08",Motory Campaign,155
"2024-11-01",Twitter,4
"2024-03-05",Social Media - Campaign,28
"2024-02-18",Toll Free,179
"2024-10-17",Toll Free,66
"2024-12-24",Online Sales,192
"2024-10-01",Motory,57
"2024-09-19",Mobile Applications-TSS,1
"2024-09-19",Social Media - Campaign,40
"2024-10-10",Motory,37
"2024-02-04",Chatbot,1
"2024-04-15",Toll Free,230
"2024-01-22",Social Media - Campaign,1
"2024-12-29",Test Drive,64
"2024-06-15",Toyota Offer,1
"2024-04-09",Twitter,6
"2024-02-02",Twitter,6
"2024-06-24",Events,1
"2024-08-31",Website,178
"2024-04-21",Website,151
"2024-11-22",Online Sales,230
"2024-08-17",Twitter,121
"2024-12-08",Website,106
"2024-09-14",Motory,54
"2024-05-07",Instagram,1
"2024-04-24",Website,91
"2024-07-18",Online Sales,335
"2024-09-13",Website,186
"2024-05-03",Toll Free,19
"2024-05-13",Chatbot,7
"2024-12-06",Social Media - Campaign,135
"2024-11-25",Test Drive,38
"2024-11-16",Test Drive,45
"2024-10-17",Website,113
"2024-02-27",Instagram,1
"2024-02-06",Motory,102
"2024-06-24",Chatbot,3
"2024-03-08",Toll Free,18
"2024-05-19",Toll Free,241
"2024-02-15",Twitter,12
"2024-07-05",Twitter,6
"2024-11-18",Chatbot,1
"2024-02-14",Motory,121
"2024-05-17",Instagram,1
"2024-06-11",Test Drive,43
"2024-09-02",Yalla Motor,9
"2024-11-18",Toll Free,82
"2024-01-07",Website,93
"2024-01-04",Twitter,6
"2024-08-06",Test Drive,29
"2024-10-01",Social Media - Campaign,46
"2024-12-31",Toll Free,37
"2024-09-13",Online Sales,449
"2024-11-09",Social Media - Campaign,19
"2024-08-25",Events,1
"2024-09-28",Twitter,22
"2024-05-01",Chatbot,2
"2024-11-03",Online Sales,342
"2024-11-19",Motory Campaign,82
"2024-05-16",Online Sales,374
"2024-11-07",Motory,45
"2024-07-24",Test Drive,54
"2024-09-17",Toyota Offer,41
"2024-10-30",Test Drive,37
"2024-12-10",Test Drive,37
"2024-08-25",Toll Free,378
"2024-02-27",Motory,84
"2024-10-24",Motory Campaign,24
"2024-01-03",Mobile Applications-TSS,1
"2024-07-08",Chatbot,2
"2024-01-19",Website,86
"2024-07-10",Social Media - Campaign,150
"2024-02-16",Toyota Offer,18
"2024-12-22",Website,133
"2024-02-05",Toll Free,128
"2024-04-04",Chatbot,5
"2024-01-21",Motory,119
"2024-11-30",Motory Campaign,9
"2024-10-09",Social Media - Campaign,14
"2024-06-22",Mobile Applications-TSS,1
"2024-04-22",Website,147
"2024-02-03",Events,1
"2024-05-13",Social Media - Campaign,23
"2024-12-03",Facebook,2
"2024-09-07",Twitter,22
"2024-07-24",Toyota Offer,1
"2024-05-14",Chatbot,8
"2024-07-25",Website,84
"2024-04-14",Social Media - Campaign,100
"2024-09-22",Website,167
"2024-01-27",Chatbot,4
"2024-02-04",Toll Free,145
"2024-05-20",Events,1
"2024-03-14",Motory,137
"2024-11-08",Online Sales,190
"2024-05-29",Toyota Offer,115
"2024-10-03",Social Media - Campaign,49
"2024-12-06",Chatbot,1
"2024-06-08",Motory,74
"2024-06-04",Online Sales,322
"2024-02-22",Events,1
"2024-10-04",Motory,48
"2024-08-15",Toll Free,221
"2024-12-17",Motory,37
"2024-02-17",Website,122
"2024-12-06",Online Sales,123
"2024-09-30",Test Drive,49
"2024-05-26",Chatbot,4
"2024-08-03",Chatbot,3
"2024-03-27",Toll Free,150
"2024-07-06",Toll Free,135
"2024-02-07",Chatbot,1
"2024-07-18",Test Drive,52
"2024-05-17",Motory,52
"2024-02-02",Social Media - Campaign,18
"2024-07-13",Website,89
"2024-10-11",Website,91
"2024-09-08",Chatbot,3
"2024-09-24",Twitter,18
"2024-05-21",Online Sales,477
"2024-10-31",Events,1
"2024-10-06",Social Media - Campaign,22
"2024-07-19",Twitter,11
"2024-08-21",Toll Free,339
"2024-12-19",Chatbot,3
"2024-05-23",Twitter,10
"2024-05-07",Motory,82
"2024-03-21",Motory,137
"2024-11-11",Chatbot,1
"2024-09-20",Chatbot,7
"2024-10-14",Twitter,5
"2024-02-11",Motory,110
"2024-02-08",Toyota Offer,26
"2024-02-10",Motory,110
"2024-11-26",Test Drive,41
"2024-09-29",Toll Free,117
"2024-06-13",Chatbot,4
"2024-04-30",Website,105
"2024-12-12",Website,106
"2024-12-12",Motory,41
"2024-07-01",Facebook,1
"2024-02-03",Motory,68
"2024-03-29",Online Sales,486
"2024-06-01",Toll Free,145
"2024-10-19",Twitter,11
"2024-10-15",Website,161
"2024-02-18",Online Sales,426
"2024-07-09",Online Sales,311
"2024-03-25",Twitter,10
"2024-11-09",Motory,38
"2024-12-08",Motory,43
"2024-05-12",Website,108
"2024-04-13",Events,3
"2024-05-23",Toll Free,200
"2024-09-14",Toyota Offer,41
"2024-12-22",Online Sales,278
"2024-04-21",Mobile Applications-TSS,1
"2024-05-28",Website,110
"2024-12-09",Instagram,1
"2024-08-26",Chatbot,2
"2024-11-13",Chatbot,3
"2024-11-06",Toyota Offer,334
"2024-03-19",Toll Free,143
"2024-12-03",Website,67
"2024-11-15",Website,82
"2024-07-19",Chatbot,2
"2024-05-11",Test Drive,28
"2024-04-28",Toyota Offer,28
"2024-08-30",Motory,49
"2024-06-08",Mobile Applications-TSS,1
"2024-10-28",Chatbot,3
"2024-07-05",Toll Free,15
"2024-07-02",Website,132
"2024-11-25",Facebook,3
"2024-09-24",Chatbot,11
"2024-11-13",Twitter,2
"2024-07-27",Chatbot,7
"2024-03-31",Toll Free,145
"2024-08-17",Facebook,1
"2024-01-12",Chatbot,1
"2024-12-08",Twitter,1
"2024-07-16",Twitter,5
"2024-07-13",Toll Free,171
"2024-10-06",Facebook,1
"2024-10-12",Toyota Offer,2
"2024-08-18",Social Media - Campaign,13
"2024-04-02",Twitter,14
"2024-03-12",Motory,93
"2024-10-22",Toyota Offer,8
"2024-03-19",Social Media - Campaign,21
"2024-10-13",Test Drive,77
"2024-09-05",Twitter,17
"2024-05-22",Toyota Offer,4
"2024-05-14",Online Sales,445
"2024-12-16",Twitter,1
"2024-03-10",Online Sales,434
"2024-12-04",Motory,43
"2024-09-27",Toll Free,5
"2024-02-01",Toyota Offer,2
"2024-01-01",Online Sales,334
"2024-04-16",Twitter,12
"2024-10-07",Website,128
"2024-07-10",Online Sales,506
"2024-12-07",Website,92
"2024-12-30",Motory Campaign,5
"2024-03-20",Twitter,11
"2024-09-27",Mobile Applications-TSS,1
"2024-08-05",Motory Campaign,29
"2024-09-20",Motory,38
"2024-12-11",Social Media - Campaign,121
"2024-04-03",Toll Free,90
"2024-07-11",Toyota Offer,3
"2024-06-28",Social Media - Campaign,36
"2024-08-01",Instagram,5
"2024-01-26",Mobile Applications-TSS,1
"2024-02-24",Chatbot,1
"2024-09-16",Toll Free,159
"2024-10-05",Twitter,4
"2024-07-22",Online Sales,358
"2024-01-21",Online Sales,392
"2024-08-30",Toll Free,46
"2024-05-06",Twitter,13
"2024-07-03",Toll Free,148
"2024-05-15",Mobile Applications-TSS,2
"2024-12-12",Toyota Offer,3
"2024-01-31",Motory,69
"2024-12-20",Toll Free,12
"2024-08-25",Online Sales,1177
"2024-03-30",Toyota Offer,1620
"2024-02-11",Chatbot,1
"2024-03-25",Instagram,1
"2024-09-06",Toll Free,16
"2024-05-12",Toyota Offer,38
"2024-01-30",Online Sales,337
"2024-11-24",Test Drive,49
"2024-02-23",Website,111
"2024-10-22",Events,1
"2024-10-09",Motory,59
"2024-09-17",Twitter,19
"2024-08-18",Chatbot,3
"2024-12-26",Twitter,1
"2024-07-28",Toll Free,161
"2024-06-22",Facebook,1
"2024-07-16",Website,84
"2024-07-26",Toll Free,26
"2024-12-10",Toll Free,68
"2024-07-05",Instagram,2
"2024-03-24",Mobile Applications-TSS,1
"2024-02-21",Toyota Offer,34
"2024-01-03",Twitter,7
"2024-12-01",Social Media - Campaign,146
"2024-06-07",Website,73
"2024-07-22",Twitter,19
"2024-11-04",Social Media - Campaign,122
"2024-04-30",Toll Free,147
"2024-10-14",Motory,62
"2024-04-24",Motory,74
"2024-02-08",Social Media - Campaign,10
"2024-09-18",Chatbot,8
"2024-01-31",Motory Campaign,1
"2024-12-16",Social Media - Campaign,68
"2024-11-11",Motory Campaign,96
"2024-04-29",Toll Free,189
"2024-07-20",Test Drive,39
"2024-06-19",Chatbot,3
"2024-05-15",Twitter,18
"2024-05-16",Chatbot,2
"2024-01-21",Social Media - Campaign,13
"2024-01-27",Twitter,4
"2024-04-22",Social Media - Campaign,4
"2024-05-27",Website,112
"2024-11-27",Toyota Offer,3
"2024-07-21",Toll Free,191
"2024-05-08",Test Drive,23
"2024-02-25",Motory,101
"2024-03-20",Instagram,1
"2024-03-12",Chatbot,2
"2024-09-28",Chatbot,5
"2024-06-28",Motory,53
"2024-05-29",Motory,65
"2024-03-21",Social Media - Campaign,7
"2024-02-12",Twitter,11
"2024-11-20",Motory,61
"2024-04-24",Social Media - Campaign,58
"2024-02-03",Website,80
"2024-04-14",Toyota Offer,1
"2024-02-07",Twitter,5
"2024-08-15",Online Sales,1750
"2024-04-28",Twitter,11
"2024-01-14",Motory,104
"2024-02-11",Social Media - Campaign,1
"2024-11-10",Test Drive,36
"2024-12-14",Website,97
"2024-09-12",Website,190
"2024-12-26",Motory,37
"2024-02-27",Website,133
"2024-09-25",Chatbot,4
"2024-01-04",Instagram,2
"2024-05-01",Toyota Offer,5
"2024-01-03",Motory,78
"2024-01-02",Social Media - Campaign,33
"2024-11-14",Motory,24
"2024-05-20",Toll Free,209
"2024-11-05",Test Drive,36
"2024-11-11",Toll Free,67
"2024-11-24",Website,121
"2024-01-18",Twitter,8
"2024-06-10",Chatbot,2
"2024-11-11",Motory,42
"2024-05-03",Events,3
"2024-01-18",Mobile Applications-TSS,2
"2024-07-10",Website,68
"2024-12-19",Website,141
"2024-11-09",Toll Free,57
"2024-09-27",Motory,67
"2024-03-30",Facebook,4
"2024-03-12",Online Sales,421
"2024-02-15",Mobile Applications-TSS,1
"2024-01-01",Website,63
"2024-10-15",Mobile Applications-TSS,1
"2024-07-14",Social Media - Campaign,160
"2024-08-06",Toll Free,235
"2024-06-22",Toyota Offer,87
"2024-07-17",Website,88
"2024-07-02",Twitter,47
"2024-01-04",Toll Free,120
"2024-06-17",Twitter,16
"2024-06-05",Website,69
"2024-01-30",Toyota Offer,31
"2024-09-09",Twitter,18
"2024-06-25",Online Sales,402
"2024-06-13",Website,88
"2024-12-13",Twitter,2
"2024-03-21",Toyota Offer,108
"2024-08-02",Social Media - Campaign,145
"2024-05-17",Toll Free,35
"2024-06-08",Twitter,19
"2024-12-25",Test Drive,55
"2024-11-23",Website,129
"2024-12-31",Instagram,1
"2024-03-12",Twitter,11
"2024-10-27",Motory,55
"2024-08-31",Yalla Motor,9
"2024-08-28",Motory,50
"2024-05-18",Toll Free,234
"2024-11-30",Toyota Offer,2
"2024-05-26",Online Sales,447
"2024-07-17",Social Media - Campaign,78
"2024-02-13",Twitter,6
"2024-11-06",Website,110
"2024-07-12",Social Media - Campaign,119
"2024-01-20",Online Sales,395
"2024-08-26",Test Drive,43
"2024-06-06",Motory,49
"2024-05-09",Mobile Applications-TSS,1
"2024-08-12",Instagram,1
"2024-05-30",Twitter,14
"2024-07-11",Mobile Applications-TSS,1
"2024-06-29",Test Drive,57
"2024-01-13",Online Sales,399
"2024-08-31",Toll Free,208
"2024-07-23",Test Drive,62
"2024-07-03",Website,97
"2024-01-08",Toll Free,138
"2024-12-01",Motory Campaign,1
"2024-02-29",Twitter,4
"2024-11-21",Online Sales,290
"2024-04-03",Toyota Offer,10
"2024-12-09",Website,87
"2024-03-26",Motory,111
"2024-11-15",Online Sales,281
"2024-09-29",Twitter,11
"2024-02-11",Twitter,9
"2024-08-10",Website,81
"2024-03-22",Events,4
"2024-03-08",Twitter,17
"2024-01-29",Twitter,3
"2024-12-16",Chatbot,1
"2024-03-21",Toll Free,148
"2024-07-28",Toyota Offer,25
"2024-07-29",Chatbot,3
"2024-10-05",Online Sales,378
"2024-07-20",Toll Free,202
"2024-11-03",Toyota Offer,4
"2024-09-18",Motory,52
"2024-11-23",Online Sales,305
"2024-09-17",Motory,41
"2024-05-15",Instagram,1
"2024-08-19",Motory,49
"2024-11-11",Online Sales,306
"2024-11-01",Social Media - Campaign,171
"2024-03-04",Motory,83
"2024-04-08",Twitter,9
"2024-12-23",Online Sales,261
"2024-12-02",Toll Free,55
"2024-02-09",Toll Free,13
"2024-10-24",Mobile Applications-TSS,1
"2024-01-22",Facebook,1
"2024-11-04",Website,120
"2024-05-27",Facebook,1
"2024-03-05",Twitter,14
"2024-08-21",Twitter,29
"2024-07-04",Mobile Applications-TSS,1
"2024-08-20",Facebook,1
"2024-10-30",Website,115
"2024-05-09",Twitter,8
"2024-09-14",Test Drive,36
"2024-05-15",Website,97
"2024-12-20",Website,111
"2024-11-30",Motory,25
"2024-07-15",Test Drive,50
"2024-12-28",Toll Free,44
"2024-05-09",Motory,60
"2024-10-31",Motory,38
"2024-11-15",Motory,33
"2024-11-08",Mobile Applications-TSS,1
"2024-12-17",Toll Free,61
"2024-10-29",Website,101
"2024-12-01",Toyota Offer,8
"2024-06-25",Website,94
"2024-05-13",Toyota Offer,129
"2024-07-12",Chatbot,1
"2024-06-09",Online Sales,344
"2024-10-10",Twitter,8
"2024-09-07",Instagram,2
"2024-04-04",Twitter,9
"2024-05-07",Website,105
"2024-12-02",Toyota Offer,2
"2024-04-15",Toyota Offer,2
"2024-05-22",Online Sales,508
"2024-02-02",Toll Free,35
"2024-05-26",Test Drive,72
"2024-10-22",Twitter,14
"2024-07-24",Chatbot,3
"2024-09-15",Chatbot,4
"2024-05-02",Website,100
"2024-07-24",Twitter,31
"2024-08-12",Yalla Motor,1
"2024-05-09",Toyota Offer,37
"2024-09-04",Events,1
"2024-05-25",Test Drive,77
"2024-09-23",Twitter,11
"2024-10-12",Chatbot,3
"2024-09-23",Social Media - Campaign,10
"2024-04-14",Motory,84
"2024-08-18",Motory,58
"2024-04-14",Events,5
"2024-09-07",Events,1
"2024-03-04",Website,115
"2024-04-13",Website,92
"2024-12-09",Motory,51
"2024-11-17",Toll Free,76
"2024-12-30",Motory,22
"2024-09-06",Toyota Offer,140
"2024-02-26",Chatbot,2
"2024-09-03",Test Drive,55
"2024-03-07",Social Media - Campaign,50
"2024-07-01",Website,199
"2024-12-05",Chatbot,6
"2024-07-22",Motory,108
"2024-06-18",Website,98
"2024-04-01",Online Sales,324
"2024-12-02",Online Sales,197
"2024-06-15",Website,65
"2024-08-19",Events,1
"2024-04-29",Mobile Applications-TSS,1
"2024-02-28",Toyota Offer,312
"2024-02-10",Website,86
"2024-11-22",Motory Campaign,12
"2024-08-14",Motory,69
"2024-10-03",Website,131
"2024-09-16",Motory,39
"2024-03-02",Twitter,7
"2024-12-21",Toyota Offer,3
"2024-11-02",Twitter,2
"2024-01-10",Social Media - Campaign,5
"2024-05-12",Test Drive,20
"2024-08-26",Online Sales,1048
"2024-07-31",Toyota Offer,37
"2024-06-20",Online Sales,382
"2024-12-17",Website,63
"2024-09-08",Instagram,1
"2024-05-08",Motory,74
"2024-04-30",Events,3
"2024-11-02",Chatbot,4
"2024-08-17",Motory,49
"2024-12-14",Motory,40
"2024-03-11",Toll Free,87
"2024-01-28",Social Media - Campaign,2
"2024-01-26",Twitter,5
"2024-05-13",Motory,79
"2024-02-22",Website,94
"2024-08-27",Toll Free,253
"2024-05-04",Toll Free,125
"2024-05-31",Toll Free,34
"2024-09-22",Toll Free,101
"2024-11-28",Test Drive,35
"2024-10-09",Website,161
"2024-12-17",Test Drive,29
"2024-06-24",Test Drive,49
"2024-05-03",Website,84
"2024-02-09",Toyota Offer,18
"2024-12-23",Toll Free,57
"2024-08-06",Social Media - Campaign,2
"2024-02-05",Twitter,6
"2024-01-17",Website,79
"2024-11-25",Online Sales,279
"2024-09-22",Social Media - Campaign,12
"2024-06-11",Chatbot,2
"2024-08-16",Online Sales,1914
"2024-03-24",Chatbot,2
"2024-07-23",Mobile Applications-TSS,2
"2024-02-13",Toll Free,167
"2024-06-24",Social Media - Campaign,37
"2024-06-03",Chatbot,4
"2024-03-17",Toyota Offer,1
"2024-12-31",Motory Campaign,1
"2024-03-24",Social Media - Campaign,38
"2024-12-10",Chatbot,1
"2024-03-05",Toll Free,185
"2024-08-09",Toll Free,36
"2024-03-11",Events,2
"2024-02-21",Instagram,1
"2024-05-13",Twitter,16
"2024-01-30",Website,82
"2024-08-06",Twitter,27
"2024-06-19",Motory,55
"2024-08-29",Motory,43
"2024-05-21",Motory,97
"2024-04-02",Events,2
"2024-05-16",Website,87
"2024-10-29",Motory,51
"2024-12-18",Toll Free,68
"2024-06-13",Motory,49
"2024-06-06",Chatbot,4
"2024-09-17",Social Media - Campaign,98
"2024-08-22",Motory,50
"2024-07-21",Website,125
"2024-06-14",Website,54
"2024-01-05",Website,58
"2024-03-02",Events,1
"2024-12-02",Facebook,1
"2024-01-10",Motory,84
"2024-09-12",Mobile Applications-TSS,1
"2024-09-09",Toll Free,144
"2024-03-13",Motory,117
"2024-01-11",Mobile Applications-TSS,1
"2024-10-18",Website,83
"2024-09-02",Online Sales,479
"2024-07-14",Facebook,1
"2024-10-02",Chatbot,4
"2024-05-30",Toyota Offer,52
"2024-08-30",Chatbot,4
"2024-04-04",Instagram,1
"2024-07-15",Chatbot,2
"2024-08-08",Chatbot,5
"2024-05-12",Twitter,3
"2024-12-09",Test Drive,39
"2024-11-28",Twitter,4
"2024-10-02",Motory,48
"2024-11-26",Social Media - Campaign,60
"2024-08-23",Twitter,17
"2024-10-13",Chatbot,3
"2024-06-21",Online Sales,352
"2024-11-28",Toll Free,58
"2024-08-29",Toll Free,219
"2024-04-25",Twitter,4
"2024-01-17",Chatbot,2
"2024-12-03",Social Media - Campaign,105
"2024-10-11",Chatbot,1
"2024-07-24",Facebook,2
"2024-01-15",Social Media - Campaign,27
"2024-09-04",Motory,40
"2024-11-30",Website,101
"2024-01-18",Website,88
"2024-04-23",Toyota Offer,47
"2024-03-29",Events,1
"2024-09-29",Motory,53
"2024-10-30",Toyota Offer,84
"2024-04-28",Social Media - Campaign,123
"2024-04-21",Online Sales,416
"2024-08-27",Yalla Motor,75
"2024-10-18",Online Sales,321
"2024-05-03",Motory,65
"2024-04-28",Events,2
"2024-01-22",Twitter,8
"2024-01-10",Online Sales,360
"2024-07-14",Toll Free,182
"2024-11-01",Motory,44
"2024-09-21",Twitter,26
"2024-06-29",Toyota Offer,107
"2024-11-21",Motory Campaign,54
"2024-06-25",Toyota Offer,231
"2024-12-24",Social Media - Campaign,104
"2024-12-02",Website,67
"2024-02-26",Website,93
"2024-05-16",Motory,56
"2024-03-09",Website,124
"2024-10-04",Instagram,2
"2024-03-31",Twitter,16
"2024-06-01",Mobile Applications-TSS,2
"2024-06-26",Website,87
"2024-02-24",Twitter,9
"2024-10-11",Online Sales,281
"2024-09-28",Test Drive,53
"2024-05-08",Twitter,8
"2024-03-19",Twitter,8
"2024-04-25",Toyota Offer,28
"2024-04-13",Twitter,8
"2024-10-16",Test Drive,61
"2024-06-30",Twitter,8
"2024-02-15",Online Sales,334
"2024-12-05",Twitter,2
"2024-04-14",Twitter,9
"2024-09-20",Online Sales,440
"2024-05-05",Website,118
"2024-11-23",Toll Free,82
"2024-07-06",Motory,71
"2024-12-05",Toll Free,49
"2024-07-19",Test Drive,28
"2024-09-17",Motory Campaign,1
"2024-03-23",Mobile Applications-TSS,1
"2024-10-24",Motory,53
"2024-10-22",Test Drive,47
"2024-11-18",Twitter,12
"2024-12-11",Online Sales,220
"2024-05-11",Mobile Applications-TSS,1
"2024-12-23",Motory,40
"2024-06-01",Chatbot,2
"2024-09-29",Online Sales,458
"2024-05-24",Chatbot,5
"2024-06-24",Twitter,22
"2024-06-26",Instagram,1
"2024-06-15",Online Sales,275
"2024-01-28",Motory,80
"2024-06-04",Chatbot,4
"2024-03-23",Twitter,13
"2024-01-11",Motory,84
"2024-04-13",Online Sales,288
"2024-05-19",Facebook,1
"2024-05-30",Social Media - Campaign,1
"2024-05-30",Test Drive,47
"2024-07-31",Chatbot,7
"2024-06-17",Chatbot,3
"2024-03-27",Instagram,1
"2024-11-13",Motory Campaign,71
"2024-02-14",Social Media - Campaign,25
"2024-11-15",Twitter,4
"2024-07-09",Social Media - Campaign,112
"2024-02-21",Twitter,12
"2024-08-01",Chatbot,6
"2024-12-27",Twitter,6
"2024-07-05",Test Drive,35
"2024-06-15",Mobile Applications-TSS,1
"2024-10-03",Motory,46
"2024-06-04",Test Drive,28
"2024-10-23",Twitter,14
"2024-03-09",Twitter,4
"2024-06-12",Online Sales,345
"2024-05-27",Toyota Offer,1
"2024-12-26",Social Media - Campaign,137
"2024-01-05",Motory,80
"2024-12-18",Online Sales,232
"2024-10-26",Chatbot,3
"2024-11-22",Toll Free,14
"2024-06-03",Twitter,4
"2024-12-20",Motory,38
"2024-08-02",Instagram,1
"2024-10-26",Instagram,1
"2024-07-18",Twitter,11
"2024-05-24",Twitter,17
"2024-07-19",Online Sales,363
"2024-04-17",Motory,94
"2024-03-27",Website,108
"2024-12-30",Toyota Offer,6
"2024-04-22",Motory,74
"2024-10-12",Online Sales,386
"2024-01-11",Online Sales,371
"2024-10-17",Mobile Applications-TSS,1
"2024-08-05",Online Sales,313
"2024-08-06",Motory Campaign,46
"2024-04-07",Facebook,3
"2024-10-15",Instagram,2
"2024-10-26",Website,108
"2024-11-22",Motory,40
"2024-08-17",Chatbot,1
"2024-04-04",Motory,76
"2024-10-18",Mobile Applications-TSS,1
"2024-09-07",Toyota Offer,40
"2024-10-19",Chatbot,8
"2024-06-10",Mobile Applications-TSS,1
"2024-09-03",Motory,67
"2024-11-30",Social Media - Campaign,66
"2024-02-21",Events,1
"2024-12-15",Motory,42
"2024-11-09",Toyota Offer,440
"2024-09-30",Motory Campaign,155
"2024-10-28",Website,125
"2024-12-05",Toyota Offer,2
"2024-11-28",Motory Campaign,61
"2024-05-18",Twitter,30
